product_id,brand,category_lv1,category_lv2,price_band,price_min,price_max,launch_date,core_claims
12404565990,蓝月亮,洗涤,衣物清洁护理,35.0-107.0,35.0,107.0,2019-12-16 17:01:25,柔顺|留香|防静电香氛
12519988950,艾碧臣,洗护,私密清洁,41.0-52.0,41.0,52.0,2019-10-21 03:17:45,抑菌|止痒|清洁弱酸
14567388488,植芙萃,彩妆,面部底妆,109.0,109.0,109.0,2019-06-27 17:29:49,遮瑕中性皮肤|痘印|痘痘肌|遮斑点|遮泪沟|黑眼圈
17289238843,薇诺娜,护肤,面部护理,308.0-807.0,308.0,807.0,2019-06-27 17:37:32,保湿|修护|去红|舒缓|补水敏感肌
17810965735,袋鼠妈妈,护肤,身体护理,163.0-342.0,163.0,342.0,2019-09-27 16:47:18,修护|抗衰|滋润|舒缓紧致准孕妇|孕妇|宝妈|秋冬|精华油|精粹油
18208777883,薇诺娜,护肤,面部护理,91.0-183.0,91.0,183.0,2019-09-27 16:47:26,保湿|嫩肤|清爽|舒缓|补水柔嫩敏感肌|水乳|湿敷|秋冬
18322316303,允薇,美妆工具,化妆辅助类工具,18.0-37.0,18.0,37.0,2020-02-20 18:36:13,刀锋|新手
20615775594,蓝月亮,洗涤,衣物清洁护理,19.0-39.0,19.0,39.0,2019-12-16 17:02:19,清洁去污学生|瓶装
39069799294,舒蕾,洗护,洗发护发,41.0-82.0,41.0,82.0,2019-06-27 19:25:39,修护|去屑|柔顺|止痒|滋养抚平毛躁头发洗护
40139777191,奥妙,洗涤,衣物清洁护理,79.0,79.0,79.0,2019-12-16 17:10:16,杀菌|留香|除螨家庭装|香氛
40899356617,欧莱雅,洗护,洗发护发,86.0-90.0,86.0,90.0,2019-06-27 19:32:06,柔顺|滋养头发洗护|精油洗护
41196187687,妇炎洁,洗涤,衣物清洁护理,36.0-109.0,36.0,109.0,2019-12-19 17:07:24,杀菌|除螨囤货|家庭装
44091303436,强生婴儿,护肤,婴童护肤,39.0-142.0,39.0,142.0,2019-08-07 11:02:18,婴幼产品|抚触油|新生儿适用
520099524555,杰威尔,洗护,美发造型,12.0-43.0,12.0,43.0,2019-07-02 04:23:31,定型|留香|蓬松哑光|男士专用
521147921275,凡士林,护肤,手足护理,23.0-81.0,23.0,81.0,2019-06-27 20:07:21,保湿|修护|护甲|滋润水润手甲共护|果香调|花果香|香氛
525332729369,玉泽,护肤,面部护理,206.0-330.0,206.0,330.0,2019-06-27 20:25:03,保湿|修护|去红|舒缓|补水修护角质层|改善泛红|舒缓干燥干敏肌|敏感肌|脸部泛红
527691864812,欧莱雅男士,护肤,面部护理,103.0-195.0,103.0,195.0,2019-06-27 20:32:15,保湿|抗衰|滋润|补水抗皱|紧致男士专用|秋冬
533098872301,颐莲,护肤,面部护理,83.0-179.0,83.0,179.0,2019-10-21 03:20:31,保湿|清爽|补水保湿喷雾|气雾剂|水乳|湿敷
537256036466,雕牌,洗涤,衣物清洁护理,113.0,113.0,113.0,2019-12-16 17:15:45,抑菌|杀菌
537732938706,清扬,洗护,洗发护发,45.0-137.0,45.0,137.0,2019-06-27 21:11:00,控油|止痒|清爽|蓬松去油头发洗护|男士专用
553259420828,芳芯,洗护,私密清洁,50.0-207.0,50.0,207.0,2019-10-21 03:18:15,清洁敏感肌
556493861921,屁屁乐,护肤,婴童护肤,38.0,38.0,38.0,2019-08-07 11:56:53,婴幼产品|红屁屁
557840361465,蓝月亮,洗涤,衣物清洁护理,81.0-132.0,81.0,132.0,2020-10-21 15:54:26,清洁|除螨去污|深层清洁囤货|家庭装
558744903450,娇韵诗,护肤,面部护理,797.0-1403.0,797.0,1403.0,2019-06-28 09:43:02,保湿|修护|抗衰|滋养|舒缓抗皱|淡化细纹|紧致新年限定|熬夜
558825224835,雅漾,护肤,面部护理,145.0,145.0,145.0,2019-11-14 10:56:25,保湿|嫩肤|清爽|补水柔嫩保湿喷雾|气雾剂|水乳
560250007807,谷雨,护肤,护肤套装,318.0-658.0,318.0,658.0,2019-06-28 09:47:44,保湿|抗衰|提亮肤色|美白|补水抗糖化|祛黄抗糖|新年限定|水乳
560417599067,修丽可,护肤,面部护理,30.0,30.0,30.0,2020-06-04 10:54:22,保湿|修护|去红|舒缓修红体验装|小样
561544319442,潘婷,洗护,洗发护发,35.0-95.0,35.0,95.0,2019-06-28 09:48:53,修护|控油|柔顺|清洁|清爽|蓬松去油|排浊头发洗护|无硅油
562059189905,当妮,洗涤,衣物清洁护理,20.0-266.0,20.0,266.0,2019-12-16 17:23:50,柔顺|留香香氛
563251601752,力士,洗护,洗浴产品,27.0,27.0,27.0,2019-06-28 09:50:19,保湿|嫩肤|清洁|滋润|留香精油沐浴露|精油洗护|花香调|身体清洁|香氛
564406747102,SELSUN,洗护,洗发护发,51.0-134.0,51.0,134.0,2019-06-28 09:51:36,去屑|控油|止痒|蓬松临期|头发洗护
564889191434,飘柔,洗护,洗发护发,27.0-54.0,27.0,54.0,2019-06-28 09:52:20,去屑|控油|柔顺|清洁|清爽去油双效|头发洗护
565165055788,艾惟诺,洗护,婴童洗护,91.0-244.0,91.0,244.0,2019-08-07 12:57:58,保湿|柔顺|补水二合一|多合一|头发洗护|婴幼产品|换季|无泪
575863484586,阿道夫,洗护,洗发护发,95.0-141.0,95.0,141.0,2019-10-21 03:19:04,亮泽|去屑|控油|柔顺|清洁|留香|蓬松丝滑头发洗护
576073283354,橘朵,彩妆,眼部彩妆,41.0-135.0,41.0,135.0,2019-06-28 10:06:20,防晕染|防水新手|极细
576412995625,欧莱雅,护肤,面部护理,41.0,41.0,41.0,2019-06-28 10:06:37,保湿|修护|抗衰|舒缓|补水抗皱|紧致安瓶|安瓶面膜|敏感肌|水光|脸部泛红
581541194821,适乐肤,护肤,面部护理,102.0-212.0,102.0,212.0,2019-08-07 13:49:01,保湿|修护|滋润修护角质层
594708691298,至本,护肤,面部清洁,46.0-56.0,46.0,56.0,2019-06-28 10:45:07,修护|清洁|滋润水润慕斯|敏感肌|温和
595510537720,欧莱雅,洗护,美发造型,91.0,91.0,91.0,2019-09-29 20:26:10,染发新年限定|精华油
597186167406,CIBIO'2,护肤,唇部护理,60.0,60.0,60.0,2019-08-07 14:16:40,保湿|修护|去角质|提亮唇色|润唇|淡唇纹|滋润|补水|防裂
599337272041,多芬,洗护,洗浴产品,59.9,59.9,59.9,2019-09-29 20:10:42,去角质|提亮肤色|滋润改善黯沉冰淇淋|磨砂|身体清洁|青柠香
601775389870,适乐肤,护肤,面部护理,102.0-212.0,102.0,212.0,2020-03-12 16:43:09,保湿|修护|滋润修护角质层
602491997917,菲诗蔻,洗护,洗发护发,61.0-171.0,61.0,171.0,2020-01-10 17:30:23,保湿|修护|柔顺抚平毛躁头发洗护|精华油|精油洗护
610611222348,橘朵,彩妆,眼部彩妆,35.0-40.0,35.0,40.0,2020-01-02 13:13:16,定型|锁色|防水
611241502079,花洛莉亚,彩妆,眼部彩妆,15.0,15.0,15.0,2020-03-22 02:03:36,显色|防晕染|防水学生|新手
612464913176,贝乐乐,口腔护理,儿童口腔护理,12.0-34.0,12.0,34.0,2020-03-12 18:30:05,固齿|清洁|牙龈护理|防蛀健龈含氟|婴幼产品|换牙期
616698931454,戈雅,彩妆,指（趾）甲彩妆,9.0-79.0,9.0,79.0,2020-04-30 14:13:33,果冻|裸色
617648487008,丝芙兰,彩妆,唇部彩妆,101.0-203.0,101.0,203.0,2020-05-14 09:48:29,丰盈|保湿细闪|裸色|镜面
619277034648,润培,护肤,手足护理,23.0-162.0,23.0,162.0,2020-10-15 18:46:31,保湿|滋润|补水水润植物|香氛|馥奇调
619315681552,HOMEFACIALPRO,护肤,面部护理,223.0-601.0,223.0,601.0,2020-06-18 11:49:47,保湿|修护|去痘|控油|收缩毛孔|清爽|舒缓刷酸|果酸焕肤|水乳|湿敷|精华水|精粹水
622681031036,芬浓,洗护,洗发护发,88.0-499.0,88.0,499.0,2020-07-23 09:55:55,修护|强韧|柔顺|滋润|蓬松|防断发染烫受损护理免蒸发膜|受损修护|头发洗护
623130898513,爱兰歌娜,护肤,面部护理,16.0-41.0,16.0,41.0,2020-07-16 12:04:10,保湿|修护|去痘|抗敏|控油|收缩毛孔|清爽|滋养|舒缓|补水抗敏感痘印|痘痘肌|秋冬
623732910111,欧莱雅,洗护,洗发护发,66.0,66.0,66.0,2020-09-28 11:08:26,强韧|控油|清洁|蓬松头发洗护
624015491253,欧莱雅,洗护,洗发护发,86.0-156.0,86.0,156.0,2020-08-06 17:08:48,控油|清洁|蓬松头发洗护|空气感
627204656597,USMILE,美容仪器,口腔美容仪,577.0-1278.0,577.0,1278.0,2021-05-29 11:26:22,便携|正畸
632777530318,力士,洗护,洗浴产品,30.0-51.0,30.0,51.0,2020-12-09 18:16:53,清洁|留香精油沐浴露|精油洗护|身体清洁|香氛
633511586862,蜜丝婷,护肤,防晒及晒后护理,71.0-182.0,71.0,182.0,2021-02-03 11:26:02,抗衰|防晒|防水|隔离抗氧化光防护
636459950030,海洋至尊,护肤,面部清洁,125.0-240.0,125.0,240.0,2021-03-10 14:44:43,保湿|去痘|控油|清洁平衡水油男士专用|痘痘肌
636695762586,吾诺,护肤,面部清洁,49.9-159.0,49.9,159.0,2021-10-11 12:17:33,保湿|去黑头|控油|清洁深层清洁男士专用
638999760158,蔬果园,洗涤,家清,50.0,50.0,50.0,2021-06-04 16:16:24,家庭装|瓶装
642808361672,欧诗漫,护肤,面部护理,69.0,69.0,69.0,2021-05-29 15:30:42,保湿|修护|抗衰|提亮肤色|滋润|舒缓|补水晒后修护|紧致
642820521222,FUNNY ELVES,彩妆,面部底妆,122.0-156.0,122.0,156.0,2021-05-18 16:11:26,保湿|持妆|控油奶油肌|妈生感|油性皮肤
643340763385,袋鼠妈妈,护肤,胸部护理,81.0-233.0,81.0,233.0,2021-04-28 14:56:30,修护|滋润|舒缓准孕妇|孕妇|宝妈
643348709967,舒客,口腔护理,儿童口腔护理,41.0-729.0,41.0,729.0,2021-08-13 17:22:45,清洁|防蛀低氟|换牙期
644183061221,理肤泉,护肤,面部护理,21.0-38.0,21.0,38.0,2022-10-24 11:39:09,保湿|修护|去痘|控油|舒缓旅行装|脸部泛红
645314930550,芙丽芳丝,护肤,面部清洁,184.0-368.0,184.0,368.0,2021-06-11 14:29:25,清洁中性皮肤|敏感肌
647563058336,施华蔻,洗护,美发造型,60.0-81.0,60.0,81.0,2021-06-30 15:00:09,染发在家染发|黑茶色
649332032847,蜂花,洗护,洗发护发,29.0,29.0,29.0,2021-07-23 12:39:09,修护|柔顺|滋养改善干枯受损修护|头发洗护
654408651638,欧莱雅,洗护,洗发护发,90.0-183.0,90.0,183.0,2021-09-15 15:19:31,修护|柔顺抚平毛躁受损修护|头发洗护|精油洗护
654880060797,蓝月亮,洗涤,衣物清洁护理,55.0,55.0,55.0,2021-12-15 17:59:08,清洁|留香深层清洁香氛
655752900129,酵色,彩妆,唇部彩妆,81.0,81.0,81.0,2021-10-13 16:15:49,哑光|水光|镜面
657114823886,蘭,护肤,面部护理,17.0,17.0,17.0,2021-10-13 12:47:13,保湿|修护|抗衰|滋养抗皱|紧致以油养肤|体验装|精华油|精粹油|纯净美妆品牌
662015287177,佳洁士,口腔护理,牙膏,15.0-65.0,15.0,65.0,2021-12-16 10:25:31,去异味|牙龈护理|防蛀健龈|清新口气多效|家庭装
664644200962,超能,洗涤,家清,39.0-79.0,39.0,79.0,2022-04-21 15:20:35,家庭装
665339936208,飞利浦,美容仪器,口腔美容仪,619.0-648.0,619.0,648.0,2022-02-21 16:22:28,情侣款
666133438616,颜蕊,彩妆,指（趾）甲彩妆,14.0-184.0,14.0,184.0,2022-02-19 15:43:48,加固封层
667173297402,儒意,护肤,面部清洁,39.0-90.0,39.0,90.0,2022-02-17 11:59:09,去黑头|清洁卸妆|深层清洁以油养肤|敏感肌|植萃|温和
668361288510,达尼丝,洗护,美发造型,38.0,38.0,38.0,2022-06-01 15:20:43,染发|补色亚麻色|免漂|在家染发|奶茶色|植物|男士专用
668567448220,蔬果园,洗护,手足清洁,35.0-87.0,35.0,87.0,2023-02-21 14:28:58,保湿|抑菌|清洁泡沫型|身体清洁
668985468898,OLAY,护肤,护肤套装,487.0-1060.0,487.0,1060.0,2022-03-23 14:13:03,保湿|抗衰|舒缓抗皱|紧致新年限定
668992718678,雅漾,护肤,面部护理,153.0-405.0,153.0,405.0,2022-03-07 16:52:14,保湿|修护|舒缓|补水敏感肌|脸部泛红
669182787934,尔木萄,美妆工具,化妆辅助类工具,32.0-170.0,32.0,170.0,2022-02-25 14:08:18,棉花糖气垫|气垫
670354157027,CHANTE CLAIR,洗涤,衣物清洁护理,29.0-119.0,29.0,119.0,2022-05-09 15:04:07,抑菌|清洁去污天然|植物|母婴
670771342295,施华蔻专业,洗护,美发造型,49.0-234.0,49.0,234.0,2022-06-14 14:03:47,定型|蓬松气雾剂
670970993819,吉列,洗护,体毛处理,21.0-119.0,21.0,119.0,2022-04-22 10:56:11,便携|柠檬香|气雾剂|男士专用|香氛
673206080832,一页,护肤,婴童护肤,121.0-395.0,121.0,395.0,2022-05-11 15:17:25,保湿|滋润婴幼产品|秋冬
673449286115,立白,洗涤,衣物清洁护理,12.0-151.0,12.0,151.0,2022-04-27 15:50:39,清洁|留香去污香氛
675551302593,橘朵,彩妆,面部修饰,72.0,72.0,72.0,2022-06-22 17:09:49,修容|提亮肤色|遮瑕
675673167637,珂拉琪,彩妆,唇部彩妆,61.0-122.0,61.0,122.0,2022-08-10 10:30:05,柔雾|水感|水雾|水雾唇釉|限定|雾面
675930143572,一页,护肤,婴童护肤,41.0,41.0,41.0,2022-06-01 11:46:56,保湿|舒缓|补水婴幼产品|宝宝霜
678691195504,百雀羚,护肤,面部护理,109.0-218.0,109.0,218.0,2023-05-25 16:19:02,保湿|清爽|滋养|滋润易吸收|水乳|草本
681373901996,古迪,美妆工具,化妆修饰类工具,21.0,21.0,21.0,2022-09-21 11:47:15,nan
681705197690,OFF&RELAX,洗护,洗发护发,173.0-347.0,173.0,347.0,2022-11-03 18:01:54,去屑|控油|清洁|清爽|舒缓|蓬松头发洗护|微生态|扁塌发|油扁塌
683440905438,BOP,口腔护理,口腔喷雾,24.0-60.0,24.0,60.0,2022-09-15 10:44:22,口喷
683692613283,老管家,洗涤,衣物清洁护理,10.0-25.0,10.0,25.0,2022-10-21 11:32:28,清洁去污慕斯
688267377755,蔬果园,洗涤,衣物清洁护理,35.0-81.0,35.0,81.0,2023-02-21 10:41:55,抑菌|杀菌
692244345852,贝德美,护肤,婴童护肤,81.0-164.0,81.0,164.0,2022-11-15 13:48:19,二合一|亲肤|冬季|多合一|婴幼产品|秋冬
693843617957,舒肤佳,洗护,香皂,12.0-39.0,12.0,39.0,2023-01-09 16:43:56,清洁|留香身体清洁
695936185397,潘婷,洗护,洗发护发,54.0-121.0,54.0,121.0,2023-02-16 14:38:28,保湿|修护|柔顺|滋养抚平毛躁受损修护|头发洗护
696447160316,半亩花田,护肤,身体护理,92.0-266.0,92.0,266.0,2023-02-07 14:36:45,保湿|滋润|留香|美白香氛
698227501002,EIYI,美妆工具,化妆修饰类工具,8.0-33.0,8.0,33.0,2023-03-02 13:48:57,懒人
701412423368,蓝月亮,洗涤,衣物清洁护理,44.0-149.0,44.0,149.0,2023-03-15 15:45:05,清洁|留香去污|深层清洁瓶装|补充装|香氛
706914766593,BUV,护肤,面部清洁,60.0-120.0,60.0,120.0,2023-04-26 18:10:17,去黑头|控油|清洁|清爽深层清洁
712419775175,HBN,护肤,面部护理,7.0,7.0,7.0,2023-05-09 15:00:30,保湿|提亮肤色|补水发光|水乳|精华水|精粹水
712621859829,FAN BEAUTY DIARY,护肤,面部护理,311.0-621.0,311.0,621.0,2023-04-19 10:05:03,保湿|补水菌菇类成分|龙血
714957739110,立白,洗涤,衣物清洁护理,15.0-161.0,15.0,161.0,2023-06-08 17:59:11,清洁|留香天然|香氛
725134905335,AARYE,护肤,手足护理,51.0,51.0,51.0,2023-06-27 13:35:10,保湿|滋润|补水水润植萃|精油洗护|香氛
725617506307,SWITTE,彩妆,面部底妆,30.0-61.0,30.0,61.0,2023-08-02 11:41:36,修容|遮瑕|防水痘印|痘痘肌|遮斑点|黑眼圈
727132731038,奥妙,洗涤,衣物清洁护理,23.0-131.0,23.0,131.0,2023-07-25 19:55:47,抑菌|杀菌|清洁|除螨去污天然
729565532612,海龟爸爸,护肤,面部护理,180.0-337.0,180.0,337.0,2023-07-25 16:44:43,保湿|去痘|滋润痘痘肌|祛痘膏|秋冬|青少年
729838712396,诗佩妮,彩妆,唇部彩妆,40.0,40.0,40.0,2023-08-01 12:22:27,防沾杯亚裔妆|双头唇釉|嘟嘟唇|学生|平价|水光|镜面
730639889727,毕生之研,护肤,面部护理,151.0-276.0,151.0,276.0,2023-08-08 14:49:30,保湿|修护|去红|提亮肤色|清爽|舒缓|补水修护角质层厚脸皮|水乳|湿敷|精华水
731310026186,美宝莲,护肤,面部清洁,7.0-46.0,7.0,46.0,2023-08-14 18:43:39,保湿|清洁卸妆三合一|多合一|平价|温和|眼唇脸三合一
732542212221,BABI,彩妆,定妆,74.0-146.0,74.0,146.0,2023-11-16 11:16:52,定妆|持妆|控油|防水柔焦|秋冬
735823604958,逐本,护肤,面部清洁,20.0-71.0,20.0,71.0,2023-09-06 11:28:42,清洁卸妆|深层清洁旅行装|植萃|次抛
737686384685,欧莱雅,护肤,面部护理,1019.0-10206.0,1019.0,10206.0,2023-11-23 16:37:14,保湿|修护|抗衰|舒缓|补水抗皱|紧致安瓶|安瓶面膜|水光
737906687803,立白,洗涤,衣物清洁护理,41.0,41.0,41.0,2023-11-23 16:32:57,柔顺|清洁|留香|锁色去污天然|香氛
739108743136,海蓝之谜,护肤,面部护理,10349.0,10349.0,10349.0,2023-12-28 10:38:45,保湿|修护|滋润|舒缓|补水水润水乳|精华水|精粹水
740880075199,蜂花,洗护,洗发护发,41.0,41.0,41.0,2023-12-07 15:01:28,柔顺|滋养抚平毛躁头发洗护
766520677523,FOREVER KEY,彩妆,面部底妆,49.0,49.0,49.0,2024-02-23 05:14:18,遮瑕痘印|痘痘肌|遮斑点|黑眼圈
7671664427,郁美净,护肤,婴童护肤,13.0-22.0,13.0,22.0,2019-08-07 10:22:29,保湿|滋润|补水婴幼产品
769080345249,心愿先生,美妆工具,化妆修饰类工具,50.0-77.0,50.0,77.0,2024-03-11 18:20:39,免胶|新手
787629724123,薇诺娜,护肤,面部护理,10.0,10.0,10.0,2024-05-15 15:03:19,保湿|修护|舒缓修护角质层新品|次抛
789449249107,薇姿,洗护,洗发护发,102.0-115.0,102.0,115.0,2024-05-18 00:00:00,去屑|控油|止痒|清爽|蓬松去油|改善头痒头发洗护|微生态
799048660312,海龟爸爸,护肤,面部清洁,111.0-282.0,111.0,282.0,2024-05-31 15:46:07,去痘|控油学生|痘痘肌|青少年|青春期
17902576167,蓝月亮,洗护,手足清洁,27.0,27.0,27.0,2019-09-27 16:47:21,抑菌|控油|清洁|清爽去油身体清洁
19003899726,薇诺娜,护肤,面部清洁,56.0-478.0,56.0,478.0,2019-06-27 17:42:52,保湿|修护|清洁|舒缓舒敏可卸防晒|敏感肌|温和
19681007434,袋鼠妈妈,洗护,洗护套装,103.0-219.0,103.0,219.0,2019-08-07 10:26:54,柔顺|滋润|蓬松水润准孕妇|头发洗护|孕妇|宝妈
36818896920,沙宣,洗护,洗发护发,66.0-127.0,66.0,127.0,2019-08-07 10:30:02,修护|去屑|控油|清洁|滋养|蓬松头发洗护
38978550136,菁碧,护肤,面部护理,1.0,1.0,1.0,2019-06-27 19:25:20,保湿|修护|抗衰|提亮肤色|滋润|舒缓|补水紧致蚕丝
41198080050,自然堂,护肤,护肤套装,275.0-503.0,275.0,503.0,2019-06-27 19:33:09,保湿|抗衰抗初老|抗皱|紧致敏感肌|水乳
41688262737,舒适达,口腔护理,牙膏,139.0-279.0,139.0,279.0,2019-08-07 10:57:34,修护|去异味|抗敏|清洁|清洁牙齿|防蛀去牙渍|抗敏感|清新口气黑科技
42446448458,姬芮,彩妆,面部底妆,65.0-220.0,65.0,220.0,2019-06-27 19:38:25,保湿|打底|提亮肤色|提升气色|美白|遮瑕|防晒|隔离三合一|多合一
520711852230,雅漾,护肤,面部护理,92.0-256.0,92.0,256.0,2019-10-21 03:23:55,保湿|清爽|舒缓|补水舒敏保湿喷雾|敏感肌|气雾剂|水乳
522553326561,施华蔻,洗护,洗发护发,65.0-148.0,65.0,148.0,2019-06-27 20:13:13,修护|柔顺|清洁|蓬松抚平毛躁多合一|多效|头发洗护
523165811685,薇诺娜,护肤,面部清洁,58.0-117.0,58.0,117.0,2019-06-27 20:16:29,保湿|清洁|清爽|滋润|舒缓不紧绷|水润干性皮肤|敏感肌|温和
524610090489,冷酸灵,口腔护理,牙膏,30.0-101.0,30.0,101.0,2019-08-07 11:31:58,去异味|抗敏|清洁抗敏感|清新口气按压式|泵式
526325457330,健美创研,彩妆,眼部彩妆,10.0,10.0,10.0,2019-06-27 20:28:21,防晕染|防水新手
533965991830,雕牌,洗涤,衣物清洁护理,12.0,12.0,12.0,2019-12-16 17:15:02,清洁去污透明|青柠香
534444781298,蜂花,洗护,洗发护发,40.0-80.0,40.0,80.0,2019-06-27 20:57:19,保湿|修护|柔顺|滋养|滋润|补水抚平毛躁|水润头发洗护
537543484264,超能,洗涤,衣物清洁护理,15.0-30.0,15.0,30.0,2019-12-16 17:15:50,柑橘调|柠檬香|透明|香氛
539023955845,松达,护肤,婴童护肤,119.0-357.0,119.0,357.0,2019-08-07 11:47:00,保湿|滋润|舒缓婴幼产品|新生儿适用|油霜|秋冬
545134782610,海飞丝,洗护,洗发护发,60.0-130.0,60.0,130.0,2019-06-27 21:38:15,去屑|控油|止痒去油头发洗护|男士专用
545471727927,威露士,洗护,手足清洁,40.0-81.0,40.0,81.0,2019-09-27 17:46:14,抑菌身体清洁
550333586695,谷雨,护肤,面部护理,192.0-486.0,192.0,486.0,2019-08-07 11:54:49,保湿|修护|滋养|滋润|祛斑|美白|补水光感|新年限定|油霜|祛斑霜
563422855497,花西子,彩妆,眼部彩妆,80.0-121.0,80.0,121.0,2019-06-28 09:50:29,持妆|显色|立体|防水懒人|根根分明|眉粉笔|野生眉
564842070490,蜜丝婷,护肤,防晒及晒后护理,85.0-290.0,85.0,290.0,2019-06-28 09:52:15,抗衰|清爽|美白|防晒|隔离抗氧化光防护|油性皮肤
567609110867,滋色,彩妆,面部底妆,92.0-113.0,92.0,113.0,2019-06-28 09:56:01,保湿|打底|提亮肤色|遮瑕|防晒|隐形毛孔|隔离
570483922216,贝亲,洗护,婴童洗护,83.0-251.0,83.0,251.0,2020-04-29 19:02:19,二合一|多合一|头发洗护|婴幼产品|桃子水
570585576850,悠宜,护肤,面部清洁,50.0-101.0,50.0,101.0,2019-06-28 10:01:12,清洁卸妆三合一|以油养肤|多合一|敏感肌|温和|眼唇脸三合一
578738351209,AGE 20'S,彩妆,面部底妆,197.0,197.0,197.0,2019-06-28 10:08:20,保湿|持妆|控油|遮瑕|防晒新年限定|气垫
579455222028,润本,护肤,婴童护肤,28.0-54.0,28.0,54.0,2019-06-28 10:10:14,保湿|润唇|滋润婴幼产品
584896528518,十月结晶,洗护,婴童洗护,61.0-122.0,61.0,122.0,2019-08-07 13:51:18,二合一|多合一|头发洗护|婴幼产品|洗发沐浴露
586711633099,至本,护肤,面部护理,124.0-130.0,124.0,130.0,2019-06-28 10:17:53,保湿|修护|抗衰|滋润|舒缓|补水抗氧化|水润|紧致多维|敏感肌|水乳
590993595923,漫野,彩妆,眼部彩妆,59.0,59.0,59.0,2019-06-28 10:29:00,防水不易晕染|学生|新手|极细
597894450019,橘朵,彩妆,多功能彩妆,95.0,95.0,95.0,2019-09-30 09:05:27,卧蚕盘|淡妆|珠光
600393550995,维多利亚的秘密,护肤,身体护理,142.0,142.0,142.0,2019-09-29 10:28:40,保湿|滋润|留香绒感|香氛
600996379667,妮维雅,护肤,面部清洁,66.0-101.0,66.0,101.0,2019-09-29 11:16:38,保湿|控油|清洁|补水深层清洁
605412682717,悠珂思,彩妆,眼部彩妆,50.0-131.0,50.0,131.0,2019-10-21 03:23:23,卷翘|定型|打底|纤长|防晕染|防水
606476442298,立白,洗涤,衣物清洁护理,11.0-57.0,11.0,57.0,2019-12-16 17:53:58,抑菌|杀菌|留香无刺激|温和|香氛
607574439522,JILL LEEN,彩妆,面部修饰,19.0,19.0,19.0,2019-11-14 12:12:24,修容|提亮肤色|提升气色单色|哑光|腮紫|腮蓝|膨胀色
608583923935,欧莱雅,护肤,面部护理,405.0-822.0,405.0,822.0,2019-12-12 12:31:23,保湿|修护|抗衰|滋养|滋润抗皱|紧致小蜜罐
608773333875,素之然,美妆工具,化妆修饰类工具,37.0-96.0,37.0,96.0,2021-10-18 15:29:47,肿眼泡
610026828834,冰溪,护肤,面部护理,70.0-203.0,70.0,203.0,2020-04-15 19:46:45,保湿|修护|清爽|滋润|舒缓|补水修护敏感|修护角质层|水润敏感肌|无刺激|水乳
612516413667,冷酸灵,口腔护理,牙膏,56.0,56.0,56.0,2020-04-22 16:57:11,固齿|抑菌|抗敏|清火抗敏感多合一|多效
613516260621,LO,美妆工具,美妆工具收纳用品,1.0-9.0,1.0,9.0,2023-08-29 20:54:41,nan
614554385651,谷雨,护肤,面部护理,183.0-408.0,183.0,408.0,2020-04-01 19:54:16,保湿|提亮肤色|清爽|美白|补水光感|新年限定|水乳|精华水|精华露
616677410950,艾惟诺,护肤,婴童护肤,123.0-248.0,123.0,248.0,2020-04-29 18:54:24,保湿|滋润|舒缓|补水水润婴幼产品|换季
622426293601,可复美,护肤,面部护理,176.0,176.0,176.0,2020-07-16 12:02:35,保湿|修护|嫩肤|清爽|舒缓|补水柔嫩水乳|湿敷|精华水
624444759009,贝德玛,护肤,面部清洁,148.0-398.0,148.0,398.0,2020-08-20 14:46:19,清洁|清爽|滋润卸妆|水润敏感肌|极简护肤|温和
625250509141,EVERBAB,美妆工具,化妆辅助类工具,20.0-1031.0,20.0,1031.0,2022-12-05 10:59:53,nan
629654580852,尹谜,香氛,家居香氛,80.0-101.0,80.0,101.0,2021-10-31 14:06:52,熏香|舒缓|除味|清新空气卧室|卫生间|室内|无火香薰|酒店
634930302527,奇蔻,彩妆,定妆,167.0-205.0,167.0,205.0,2021-01-13 15:58:45,定妆|遮瑕干性皮肤|新年限定|防晒粉饼
635164155410,贝德玛,护肤,面部清洁,69.0-85.0,69.0,85.0,2021-01-20 09:45:25,清洁卸妆|深层清洁敏感肌|温和
640614554205,OUTOFOFFICE,彩妆,唇部彩妆,41.0,41.0,41.0,2021-04-14 11:02:45,丰盈双头唇线笔|裸色
643959592358,欧莱雅,护肤,面部护理,10.0,10.0,10.0,2021-05-29 15:34:56,保湿|修护|抗衰抗皱|紧致欧莱雅黑精华
647149341429,植护,洗涤,衣物清洁护理,23.0-136.0,23.0,136.0,2021-06-16 16:40:44,留香香氛
652814399558,英氏,洗涤,衣物清洁护理,28.0-101.0,28.0,101.0,2021-08-11 17:27:59,抑菌|清洁去污婴幼产品
653141300992,至本,护肤,面部清洁,45.0-55.0,45.0,55.0,2021-10-12 19:18:31,修护|清洁慕斯|敏感肌|温和
653519512729,橘朵,彩妆,眼部彩妆,60.0-168.0,60.0,168.0,2021-09-15 14:39:20,定型|打底|浓密|纤长|防水金属刷头
653756667945,奥妙,洗涤,衣物清洁护理,21.0-43.0,21.0,43.0,2021-12-15 17:59:08,抑菌|杀菌|除螨
654187546727,花洛莉亚,彩妆,眼部彩妆,28.0-36.0,28.0,36.0,2021-09-01 15:18:07,防水不易晕染|学生
655195506204,妇炎洁,洗护,私密清洁,50.0-107.0,50.0,107.0,2021-09-15 16:07:28,保湿|抑菌|止痒|清洁|滋润|留香|舒缓中性皮肤|微生态|敏感肌
655702995923,高露洁,口腔护理,牙膏,41.0-51.0,41.0,51.0,2021-11-12 18:07:40,去异味|美白清新口气含盐|天然|矿物质
669234162099,立白,洗涤,衣物清洁护理,51.0,51.0,51.0,2022-03-08 15:44:19,去异味|杀菌|柔顺|留香|锁色小苍兰香|香氛
669446832459,珀莱雅,护肤,面部护理,16.0,16.0,16.0,2022-06-28 16:50:25,保湿|补水双抗|精华面膜
669988899992,INTIMA,洗护,私密清洁,81.0-184.0,81.0,184.0,2022-06-15 14:17:48,保湿|修护|抑菌|清洁|滋润|舒缓
671470463439,洁尔阴,洗护,私密清洁,31.0,31.0,31.0,2022-07-27 17:30:26,清洁|清爽弱酸|温和|香氛
678264636662,兔头妈妈,口腔护理,儿童口腔护理,37.0-122.0,37.0,122.0,2022-07-20 14:48:11,防蛀含氟|婴幼产品
679771374228,贝德美,护肤,婴童护肤,50.0-257.0,50.0,257.0,2022-08-03 17:40:32,保湿|滋润|补水水润婴幼产品
682225356679,妖制,美妆工具,化妆辅助类工具,20.0-27.0,20.0,27.0,2022-12-05 15:20:35,干湿两用|气垫
684714024922,ROMANTIC BEAUTY,彩妆,面部修饰,26.0,26.0,26.0,2022-10-11 15:57:58,修容|提亮肤色单色|收缩色|联名|膨胀色
685142683200,滴露,洗涤,家清,56.0-170.0,56.0,170.0,2022-10-11 18:07:46,去异味|杀菌|消毒喷雾型洗涤剂
686481264137,稚优泉,彩妆,面部修饰,40.0-71.0,40.0,71.0,2022-10-26 11:43:57,修容|遮瑕|防水
686889934837,花知晓,彩妆,彩妆套装,319.0-412.0,319.0,412.0,2022-12-05 18:30:49,固体唇釉|成膜
686905718991,红地球,彩妆,面部底妆,109.0-251.0,109.0,251.0,2022-10-18 18:34:06,保湿|打底|隔离妆前面霜|贴贴霜
694302116559,奇士美,彩妆,眼部彩妆,50.0-96.0,50.0,96.0,2023-01-31 10:41:29,防晕染|防水极细
694977772348,逐本,护肤,面部清洁,91.0,91.0,91.0,2023-10-17 15:17:06,保湿|修护|清洁卸妆以油养肤|新品|植萃|水感|温和
695939021431,潘婷,洗护,洗发护发,136.0-211.0,136.0,211.0,2023-02-16 14:36:59,保湿|修护|柔顺|滋养抚平毛躁受损修护|头发洗护
704222373290,美康粉黛,护肤,防晒及晒后护理,71.0-161.0,71.0,161.0,2023-03-01 17:33:42,保湿|清爽|美白|防晒光防护|水感|精华防晒
705056866435,尔木萄,美妆工具,化妆辅助类工具,18.0-1021.0,18.0,1021.0,2023-07-19 15:02:09,气垫
705670984704,拜尔,美容仪器,口腔美容仪,180.0-251.0,180.0,251.0,2023-03-07 19:01:05,nan
708111181583,如薇,护肤,T区护理,40.0,40.0,40.0,2023-04-12 17:26:06,去黑头|控油|收缩毛孔|清洁深层清洁
709247469717,悦哺,护肤,婴童护肤,85.0-161.0,85.0,161.0,2023-06-25 18:08:39,保湿|滋润|补水多合一|多效|婴幼产品|新生儿适用
711748118240,戈雅,彩妆,指（趾）甲彩妆,9.0-42.0,9.0,42.0,2023-08-07 15:21:05,加固封层|钢化
716773785486,DDG,护肤,面部清洁,49.0-102.0,49.0,102.0,2023-06-08 11:46:54,清洁卸妆无刺激|温和|精准护肤
717143631731,AARYE,洗护,洗浴产品,90.0,90.0,90.0,2023-05-16 16:09:32,保湿|清洁|留香联名|身体清洁|香氛
722250898293,FOREVER KEY,彩妆,面部修饰,47.0-63.0,47.0,63.0,2023-06-13 16:19:43,修容|提亮肤色液体修容|液体彩妆
726671517102,达尔肤,护肤,面部护理,182.0-364.0,182.0,364.0,2023-07-12 18:49:27,保湿|修护|去痘|去角质|控油|清爽|舒缓|补水刷酸|抛光水|果酸焕肤|水乳|湿敷|精华水|精粹水
731583158352,云南白药,口腔护理,牙膏,45.0-61.0,45.0,61.0,2023-08-01 14:10:46,去异味|清洁|牙龈护理清新口气囤货|家庭装
734201371605,毛吉吉,美妆工具,化妆辅助类工具,50.0-67.0,50.0,67.0,2023-09-12 15:11:09,nan
734987793696,斐思妮,护肤,其他护肤,77.0-155.0,77.0,155.0,2023-08-30 12:48:20,保湿|修护|去痘|抗衰|控油|提亮肤色|舒缓|补水修护受损肌肤|修护角质层|晒后舒缓|紧致中性皮肤|痘痘肌
737257860135,佳洁士,口腔护理,牙膏,7.0-33.0,7.0,33.0,2023-12-28 17:32:18,清洁|防蛀含盐|多合一|多效|天然|草本
737480049732,小鹿妈妈,口腔护理,漱口水,8.0-37.0,8.0,37.0,2023-10-26 14:24:53,去异味|抑菌清新口气便携|条状漱口水
7391833431,大宝,护肤,面部护理,27.0-94.0,27.0,94.0,2019-06-27 17:15:45,保湿|滋润|补水SOD蜜|水乳|香氛
741086102395,袋鼠妈妈,护肤,护肤套装,71.0-183.0,71.0,183.0,2023-10-23 19:47:13,去痘|控油痘痘肌|青少年
743900110061,兔头妈妈,口腔护理,儿童口腔护理,37.0-109.0,37.0,109.0,2023-10-23 14:45:47,防蛀含氟|婴幼产品
744961546354,袋鼠妈妈,洗护,洗护套装,74.0-214.0,74.0,214.0,2023-10-31 00:00:00,去屑|控油|蓬松头发洗护|学生|青少年|青春期
753824852493,心愿先生,美妆工具,化妆修饰类工具,83.0-174.0,83.0,174.0,2023-12-19 14:23:58,免胶|懒人
777509821189,潘婷,洗护,洗发护发,64.0-129.0,64.0,129.0,2024-05-21 00:00:00,修护|柔顺|清洁|清爽|滋养|蓬松|防断发头发洗护|花香调
788096566011,百雀羚,护肤,护肤套装,300.0-727.0,300.0,727.0,2024-05-18 00:00:00,保湿|修护|抗衰|舒缓抗皱|紧致新年限定|水乳|菌菇类成分
794763419729,FAN BEAUTY DIARY,护肤,面部护理,312.0-625.0,312.0,625.0,2024-06-20 12:03:27,控油|清洁涂抹式
12727688676,美宝莲,护肤,面部清洁,61.0-186.0,61.0,186.0,2019-06-27 17:24:12,清洁卸妆|深层清洁三合一|多合一|新年限定|眼唇脸三合一
12806637483,舒肤佳,洗护,洗浴产品,40.0-230.0,40.0,230.0,2019-08-07 10:23:38,保湿|清洁|滋润家庭装|柑橘调|柠檬香|身体清洁|香氛
14971339290,沙宣,洗护,洗发护发,71.0-142.0,71.0,142.0,2019-06-27 17:30:52,去屑|控油|柔顺|滋润|蓬松水润头发洗护|温和
24281496019,汰渍,洗涤,衣物清洁护理,20.0,20.0,20.0,2020-01-10 17:09:57,杀菌|清洁温和
25660036084,蝶翠诗,护肤,唇部护理,70.0-178.0,70.0,178.0,2019-06-27 17:53:47,保湿|润唇|滋润
523124617349,健美创研,彩妆,眼部彩妆,10.0,10.0,10.0,2019-06-27 20:16:08,持妆|显色|立体|轮廓修饰|防晕染|防水三角眉笔
525918916021,SK-II,护肤,护肤套装,774.0,774.0,774.0,2019-09-29 14:48:34,修护|抗衰抗皱|紧致SK-II神仙水|微生态|新年限定|神仙水|精华露
526498885740,OLAY,护肤,面部护理,288.0-588.0,288.0,588.0,2019-06-27 20:28:50,保湿|抗衰|提亮肤色|祛斑|美白|舒缓抗氧化|抗糖化|紧致抗糖|水光|水感|精华露|超抗
528655432129,丝塔芙,护肤,身体护理,109.0-399.0,109.0,399.0,2019-06-27 20:36:21,保湿|修护|滋养|舒缓婴幼产品|敏感肌|温和
530624740331,百雀羚,护肤,护肤套装,100.0-242.0,100.0,242.0,2019-09-29 14:49:49,保湿|舒缓|补水水乳|草本
534768781162,李施德林,口腔护理,漱口水,24.0-276.0,24.0,276.0,2019-10-21 03:20:53,去异味|抑菌|清洁|留香清新口气温和|精油漱口水
537503613349,汰渍,洗涤,衣物清洁护理,30.0,30.0,30.0,2019-12-16 17:15:48,杀菌|清洁|留香|除螨去污柑橘调|柠檬香|香氛
542137039620,舒肤佳,洗护,手足清洁,30.0-92.0,30.0,92.0,2019-09-27 17:41:50,抑菌|滋润便携|温和|身体清洁
542852270655,欧莱雅,洗护,洗发护发,16.0-66.0,16.0,66.0,2019-06-27 21:33:00,保湿|修护|柔顺抚平毛躁免洗|头发洗护|精油洗护
544409629207,LENA,美容仪器,头部美容仪,142.0-223.0,142.0,223.0,2021-05-29 11:44:44,nan
547083332068,青蛙王子,洗护,婴童洗护,43.0-92.0,43.0,92.0,2019-08-07 11:53:32,清洁|清爽二合一|多合一|头发洗护|婴幼产品|洗发沐浴露
566088476841,舒肤佳,洗护,手足清洁,41.0-113.0,41.0,113.0,2019-09-29 16:01:30,抑菌便携|身体清洁
567247622406,戈雅,彩妆,指（趾）甲彩妆,5.0-22.0,5.0,22.0,2020-02-29 02:39:19,卸甲
575468329177,好来,口腔护理,牙膏,48.0-96.0,48.0,96.0,2019-08-07 13:16:43,去异味|牙龈护理清新口气含氟|家庭装
577145913309,敷尔佳,护肤,医疗器械类,122.0-464.0,122.0,464.0,2019-09-29 17:17:42,修护术后修护二类医疗器械|械字号|痘痘肌
577828573058,BABYCARE,洗涤,衣物清洁护理,51.0-208.0,51.0,208.0,2020-03-25 19:00:15,杀菌|清洁去污婴幼产品|无残留
578072592510,旁氏,护肤,面部清洁,39.0-46.0,39.0,46.0,2019-10-21 03:11:53,保湿|嫩肤|清洁|滋润柔嫩|水润温和
590080508775,戴可思,护肤,婴童护肤,102.0-154.0,102.0,154.0,2019-08-07 13:59:40,保湿|滋润|补水水润婴幼产品|秋冬
590416568290,芳芯,洗护,私密清洁,40.0-200.0,40.0,200.0,2019-10-21 03:20:23,保湿|清洁|滋润|舒缓
597032295796,舒肤佳,洗护,香皂,43.0-101.0,43.0,101.0,2019-08-07 14:16:15,清洁|留香排浊乌木|洁面皂|身体清洁|香氛
597623311622,卡奇色彩,彩妆,眼部彩妆,16.0,16.0,16.0,2019-08-07 14:17:44,持妆|防水卡其色|根根分明
608958226709,健美创研,护肤,面部清洁,7.0-10.0,7.0,10.0,2019-12-05 12:06:32,保湿|清洁卸妆|深层清洁三合一|多合一|植萃|眼唇脸三合一
608966770376,半亩花田,护肤,面部清洁,61.0-143.0,61.0,143.0,2019-12-05 12:06:33,保湿|去痘|控油|清洁卸妆|深层清洁慕斯|青少年
612357753445,HABA,护肤,面部护理,139.0-380.0,139.0,380.0,2020-12-16 11:51:16,保湿|修护|抗衰|滋养抗皱|紧致以油养肤|精华油|精粹油
614506280135,咔咪朵,洗涤,家清,18.0-28.0,18.0,28.0,2020-04-29 18:57:49,杀菌|消毒|清洁喷雾型洗涤剂|瓶装
617647032716,悠宜,彩妆,眼部彩妆,50.0,50.0,50.0,2020-05-20 18:21:45,修容|持妆|防水咖啡色|新手
619766079713,瑷尔博士,护肤,面部清洁,74.0-223.0,74.0,223.0,2020-06-24 10:55:01,保湿|清洁|补水微生态护肤品牌|洁颜蜜|温和|微生态
624673019748,蜜丝婷,彩妆,面部底妆,92.0-166.0,92.0,166.0,2020-08-06 17:06:53,持妆|控油|遮瑕敏感肌|油性皮肤|遮瑕粉
624934042425,酵色,彩妆,唇部彩妆,81.0,81.0,81.0,2020-09-10 11:24:28,丝绒|哑光|学生|平价|绒感|裸色|镜面|雾面
626362985014,CIBIO'2,护肤,唇部护理,35.0-857.0,35.0,857.0,2020-10-15 18:41:25,保湿|修护|去角质|润唇|淡唇纹|滋润|补水|防裂防干裂睡眠唇膜
629308325262,芭贝拉,彩妆,眼部彩妆,49.0-99.0,49.0,99.0,2020-11-03 11:49:44,持妆|防晕染|防水极细
635841752939,吉列,洗护,体毛处理,20.0-89.0,20.0,89.0,2021-01-20 09:46:34,柠檬香|气雾剂|男士专用|香氛
636819476618,ELMEX,口腔护理,儿童口腔护理,41.0-126.0,41.0,126.0,2021-05-18 14:59:02,清洁|防蛀低泡|含氟|温和
637259772485,好爸爸,洗涤,衣物清洁护理,40.0-112.0,40.0,112.0,2021-04-28 14:28:36,抑菌|杀菌|除螨
638789775151,贝乐欣,护肤,婴童护肤,134.0-513.0,134.0,513.0,2021-03-25 14:12:06,婴幼产品|红屁屁
639702258553,名创优品,彩妆,眼部彩妆,18.0-44.0,18.0,44.0,2021-04-21 11:06:23,持妆|显色|防水
641136476055,朱栈,彩妆,多功能彩妆,98.0-295.0,98.0,295.0,2021-06-11 14:59:23,多用|多用膏|纯净美妆品牌
642002764220,贝德美,洗护,婴童洗护,61.0-122.0,61.0,122.0,2021-08-16 10:55:34,修护中大童|头发洗护|婴幼产品
643964988016,如薇,护肤,T区护理,100.0,100.0,100.0,2021-05-24 12:38:49,去黑头|清洁深层清洁|清洁毛孔温和|草莓鼻
645362003812,悦芙媞,护肤,面部清洁,91.0-178.0,91.0,178.0,2021-06-11 14:29:31,保湿|控油|清洁|补水深层清洁多合一|多效|水感|洁颜蜜|洗卸合一|温和
648684676243,薇姿,洗护,洗发护发,102.0-478.0,102.0,478.0,2021-09-23 14:13:32,去屑|控油|止痒|清洁|清爽|滋润|蓬松改善头痒|水润|深层清洁头发洗护|微生态
649637172519,WICKLE,洗涤,衣物清洁护理,19.0-119.0,19.0,119.0,2021-08-12 11:22:49,婴幼产品
651579451976,恋火,彩妆,面部底妆,172.0-411.0,172.0,411.0,2021-10-31 11:19:18,保湿|持妆|提亮肤色干性皮肤
652730103439,高露洁,口腔护理,牙膏,52.0,52.0,52.0,2021-09-27 13:46:35,清洁|美白薄荷香
653607486694,奥妙,洗涤,衣物清洁护理,30.0-61.0,30.0,61.0,2022-01-13 08:16:13,抑菌|杀菌|清洁|除螨去污
662362142722,C咖,护肤,面部清洁,97.0-518.0,97.0,518.0,2021-12-16 11:58:39,保湿|控油|清洁卸妆|去油|清洁毛孔双管
663281698137,施华蔻,洗护,洗发护发,60.0-81.0,60.0,81.0,2021-12-21 09:00:27,修护|去屑|控油|柔顺|清洁|舒缓|蓬松|防脱抚平毛躁多合一|多效|头发洗护
664016832324,袋鼠妈妈,彩妆,唇部彩妆,78.0-217.0,78.0,217.0,2021-12-27 21:29:00,保湿|变色|提升气色|淡唇纹准孕妇|孕妇|孕妇可用|宝妈
665401830341,超能,洗涤,家清,17.0-34.0,17.0,34.0,2022-06-01 15:22:30,家庭装
665911060687,NARS,彩妆,面部底妆,516.0,516.0,516.0,2022-03-01 11:03:49,保湿|持妆干性皮肤|轻薄
667173445445,独特艾琳,护肤,手足护理,46.0-51.0,46.0,51.0,2022-12-05 19:44:07,保湿|抗衰|美白淡化细纹香氛
668581697762,锦怡,洗涤,衣物清洁护理,20.0-41.0,20.0,41.0,2022-04-08 10:00:00,防串色
670790740132,花知晓,彩妆,面部修饰,101.0,101.0,101.0,2022-05-11 15:31:09,哑光|浮雕腮红|膨胀色
671385082414,CHANTE CLAIR,洗涤,衣物清洁护理,71.0,71.0,71.0,2022-06-01 15:03:54,抑菌|柔顺|清洁|留香|锁色|防静电去污|深层清洁
674625697725,丝塔芙,护肤,面部护理,205.0-615.0,205.0,615.0,2022-06-14 14:04:45,保湿|修护|去红|舒缓|补水修护角质层中性皮肤|敏感肌
675089459432,立白,洗涤,衣物清洁护理,94.0-235.0,94.0,235.0,2022-05-24 13:57:36,彩漂|柔顺|清洁|留香|锁色囤货|家庭装|香氛
679384658112,原色波塔,彩妆,眼部彩妆,101.0-182.0,101.0,182.0,2022-08-10 10:49:38,卷翘|浓密|纤长|防晕染ins风
683019055344,COCO LOUIS,护肤,手足护理,30.0-40.0,30.0,40.0,2022-10-12 13:45:40,保湿|滋润|补水按压式
684997993438,BABI,洗护,美发造型,52.0-103.0,52.0,103.0,2024-03-12 13:46:36,定型|蓬松气雾剂|空气感|高颅顶
685151443782,法汀妮,彩妆,面部底妆,92.0-174.0,92.0,174.0,2022-11-16 11:29:57,持妆|控油|遮瑕干性皮肤|油性皮肤|空气感
687901803489,满婷,洗护,香皂,10.0,10.0,10.0,2022-12-05 18:49:27,嫩肤|清洁|滋润|除螨柔嫩家庭装|洁面皂|身体清洁|除螨皂
696689851867,沫芮,洗护,美发造型,50.0-88.0,50.0,88.0,2023-02-07 14:31:21,保湿|定型|蓬松
700448232474,玛丽黛佳,彩妆,面部底妆,263.0,263.0,263.0,2023-02-15 15:16:00,持妆亚麻酸|干性皮肤|新品|气垫|种籽|限定
703405611181,潘婷,洗护,洗发护发,70.0,70.0,70.0,2023-04-17 14:04:38,修护|柔顺|滋养|滋润抚平毛躁|水润受损修护|头发洗护
704006151350,橘朵,彩妆,眼部彩妆,41.0,41.0,41.0,2023-03-01 17:15:05,防水新手
708217174995,PUCO,彩妆,唇部彩妆,25.0-51.0,25.0,51.0,2023-09-12 17:04:01,丰盈|持妆|显色|防水二合一|双头唇线笔|多合一|裸色
709082950351,茵芙莎,护肤,面部护理,999.0,999.0,999.0,2023-03-29 11:20:53,保湿|祛斑|美白水乳|流金|精华水
709277694472,花西子,彩妆,面部底妆,242.0-508.0,242.0,508.0,2023-04-25 16:42:44,持妆|遮瑕干性皮肤|气垫
710645331590,兔头妈妈,洗护,婴童洗护,40.0-81.0,40.0,81.0,2023-05-11 16:21:48,清洁四合一|头发洗护|洗发沐浴露|温和
712420329755,健美创研,彩妆,眼部彩妆,11.0-13.0,11.0,13.0,2023-04-18 18:15:21,持妆|立体|防晕染|防水拉线眉笔|砍刀眉笔
714732317948,芭贝拉,彩妆,定妆,99.0-109.0,99.0,109.0,2023-06-08 18:21:36,定妆|持妆|控油|提亮肤色|防水绒雾
715921825421,舒客,口腔护理,牙膏,26.0-153.0,26.0,153.0,2023-06-25 10:59:31,去异味|清洁牙齿|美白去牙渍|清新口气氨基酸
720290628312,威露士,洗涤,衣物清洁护理,43.0-205.0,43.0,205.0,2023-06-13 10:03:12,杀菌|清洁|留香|除螨去污香氛
721651264255,敷尔佳,护肤,医疗器械类,20.0,20.0,20.0,2023-06-21 10:37:51,二类医疗器械
728378339861,恐龙医生,口腔护理,牙膏,30.0-92.0,30.0,92.0,2023-08-30 19:06:43,修护|去异味|固齿|清洁牙齿|美白|防蛀去牙渍|清新口气含氟|正畸|青少年
731607224237,祖玛珑,香氛,人体香氛,20.0,20.0,20.0,2024-03-06 00:00:00,留香体验装
732244927542,老管家,洗涤,衣物清洁护理,41.0-83.0,41.0,83.0,2023-11-16 13:57:15,彩漂|清洁|漂白去污婴幼产品|爆炸盐|香氛
741176695494,韩束,护肤,护肤套装,155.0-324.0,155.0,324.0,2023-10-20 00:00:00,保湿|抗衰抗皱|紧致新年限定
742090713873,悠珂思,彩妆,唇部彩妆,30.0,30.0,30.0,2023-10-09 15:05:02,保湿唇油|水光|玻璃唇|透明|镜面
742398050915,OKCS,洗护,美发造型,45.0-92.0,45.0,92.0,2024-05-18 00:00:00,染发在家染发|植物
750587565673,HBN,护肤,眼部护理,20.0,20.0,20.0,2023-12-21 16:41:47,修护|抗衰抗皱|紧致
753699755449,FAN BEAUTY DIARY,护肤,唇部护理,301.0-602.0,301.0,602.0,2023-12-19 14:22:45,保湿|润唇唇油膜|晚安唇膜
753837734566,DDG,护肤,唇部护理,45.0-99.0,45.0,99.0,2023-12-19 18:39:25,保湿|去角质|润唇|淡唇纹|滋润|补水|防裂防干裂学生|秋冬|精准护肤
760717417083,韩金靓,洗护,美发造型,82.0-92.0,82.0,92.0,2024-01-18 14:23:04,染发在家染发|植物|黑茶色
764668391985,花间颂,彩妆,定妆,61.0-102.0,61.0,102.0,2024-05-17 11:29:07,定妆|控油明星同款|油性皮肤
765031755459,三个魔发匠,洗护,美发造型,71.0-92.0,71.0,92.0,2024-03-05 11:35:44,染发|补色一洗黑|天然|无刺激|植物|黑茶色
765878836339,LENA,美容仪器,头部美容仪,323.0-387.0,323.0,387.0,2024-03-21 17:18:06,懒人
770200879858,维特丝,洗护,洗发护发,60.0-122.0,60.0,122.0,2024-03-12 14:27:55,修护|去屑|控油|柔顺|止痒|清洁|蓬松深层清洁头发洗护|植萃|茶香
777886307832,白云山,护肤,面部护理,83.0-177.0,83.0,177.0,2024-04-01 18:37:49,去黑头|控油|收缩毛孔|清洁刷酸|面膜棒
12976800504,OLAY,护肤,面部护理,289.0-422.0,289.0,422.0,2019-08-07 10:23:41,保湿|抗衰抗皱|淡化细纹|紧致
14951413427,云南白药,口腔护理,牙膏,40.0-122.0,40.0,122.0,2019-09-27 16:46:39,去异味|清爽|牙龈护理健龈|清新口气温和|薄荷香
16721084151,施华蔻,洗护,美发造型,79.0-319.0,79.0,319.0,2019-06-27 17:35:59,染发在家染发|植物
35016120284,郁美净,护肤,婴童护肤,37.0-72.0,37.0,72.0,2019-08-07 10:28:51,保湿|滋润|补水婴幼产品|宝宝霜
36147058059,强生婴儿,护肤,婴童护肤,40.0,40.0,40.0,2023-10-17 11:34:47,保湿|滋润|补水婴幼产品
39578745679,欧莱雅,洗护,美发造型,69.0,69.0,69.0,2019-06-27 19:27:34,染发新年限定
41782023288,贝亲,护肤,婴童护肤,26.0-80.0,26.0,80.0,2019-06-27 19:35:49,润唇婴幼产品|无香型
43904982180,完美,护肤,面部护理,43.0-130.0,43.0,130.0,2019-08-07 11:01:45,保湿|修护|抗衰|舒缓|补水晒后修护|紧致
45248379422,好来,口腔护理,牙膏,51.0-75.0,51.0,75.0,2019-08-07 11:09:34,修护|去异味|固齿|抗敏|清洁|清洁牙齿|清火|牙龈护理|美白|防蛀去烟渍|去牙渍|抗敏感|清新口气含氟
520852044615,上海,洗护,香皂,19.0-99.0,19.0,99.0,2019-08-07 11:26:32,去痘|抑菌|清洁|除螨洁面皂|痘痘肌|硫磺皂|身体清洁|除螨皂
527758354524,欧莱雅男士,护肤,护肤套装,199.0-338.0,199.0,338.0,2019-06-27 20:32:34,保湿|补水男士专用
535704385582,舒适达,口腔护理,牙膏,53.0-159.0,53.0,159.0,2019-08-07 11:45:09,修护|抗敏|清洁抗敏感含氟
537130371748,潘婷,洗护,洗发护发,48.0-193.0,48.0,193.0,2019-09-29 14:51:47,修护|柔顺抚平毛躁受损修护|头发洗护
538649519046,多芬,洗护,洗浴产品,41.0-83.0,41.0,83.0,2019-09-27 17:38:10,保湿|滋润果香调|温和|身体清洁|香氛|香草
545378712840,科颜氏,护肤,面部护理,322.0-654.0,322.0,654.0,2019-09-27 17:46:06,保湿|修护|补水新年限定|高保湿
545473839106,科颜氏,护肤,面部护理,364.0,364.0,364.0,2019-06-27 21:39:07,去黑头|控油|收缩毛孔|清洁新年限定|涂抹式
549616687040,欧莱雅,洗护,洗发护发,51.0-102.0,51.0,102.0,2019-06-27 21:48:26,修护|去屑|控油|柔顺|清洁抚平毛躁|深层清洁头发洗护|无硅油|植萃
561905488013,旁氏,护肤,面部清洁,27.0-83.0,27.0,83.0,2019-06-28 09:49:09,保湿|嫩肤|控油|清洁|清爽|滋润不紧绷|柔嫩|水润温和
564589130849,薇婷,洗护,体毛处理,40.0-158.0,40.0,158.0,2019-06-28 09:51:52,脱毛娇嫩肌|学生|敏感肌|温和
566005238916,名创优品,彩妆,眼部彩妆,12.0-31.0,12.0,31.0,2019-06-28 09:54:19,持妆|显色|立体|锁色|防晕染|防水新手|极细
568735902545,清扬,洗护,洗发护发,25.0,25.0,25.0,2019-06-28 09:56:52,去屑|控油|清洁头发洗护
573913792920,NARS,彩妆,定妆,425.0,425.0,425.0,2019-06-28 10:03:38,保湿|定妆流光
576014739022,美加净,护肤,面部护理,39.9,39.9,39.9,2019-08-07 13:17:03,保湿|滋润|补水|锁水菌菇类成分
583583343473,KINBATA,洗涤,衣物清洁护理,20.0,20.0,20.0,2020-01-10 17:16:54,防串色
586496084400,至本,护肤,唇部护理,33.0-36.0,33.0,36.0,2019-06-28 10:17:18,保湿|修护|打底|润唇|淡唇纹|滋养敏感肌
587748628625,至本,护肤,面部护理,114.0-120.0,114.0,120.0,2019-06-28 10:22:22,保湿|修护|去红|滋养|舒缓修护受损肌肤多维|敏感肌
588333799224,贝亲,护肤,婴童护肤,56.0-188.0,56.0,188.0,2019-11-14 11:31:21,爽身|舒缓婴幼产品|桃子水|液体爽身粉
596521009637,香奈儿,彩妆,唇部彩妆,434.0-869.0,434.0,869.0,2019-10-21 03:21:52,双效|镜面
602547669818,自然堂,护肤,面部护理,83.0-203.0,83.0,203.0,2019-10-21 03:15:52,保湿|修护|控油|提亮肤色|祛斑|美白|补水安瓶|安瓶面膜
602764679131,尔木萄,彩妆,眼部彩妆,16.0-32.0,16.0,32.0,2019-09-29 20:59:41,持妆极细|根根分明|野生眉
607458054709,尔木萄,彩妆,眼部彩妆,12.0-17.0,12.0,17.0,2019-11-21 21:13:40,持妆|显色|防水极细
614750168040,溪木源,护肤,护肤套装,232.0-374.0,232.0,374.0,2020-04-29 18:57:25,保湿|修护|舒缓|补水修护角质层|舒敏学生|敏感肌|新年限定
618775478994,迪奥,彩妆,唇部彩妆,403.0,403.0,403.0,2020-07-02 10:24:49,保湿|变色变色|镜面
619195199502,奥妙,洗涤,家清,37.0,37.0,37.0,2020-10-15 18:46:32,杀菌家庭装
619944869718,蓝月亮,洗涤,衣物清洁护理,18.0-30.0,18.0,30.0,2020-06-18 11:51:35,清洁去污学生
622925922994,GARYSOON,护肤,T区护理,9.0-40.0,9.0,40.0,2020-07-30 16:04:57,去黑头|清洁清洁毛孔
627050201713,霸王,洗护,洗发护发,91.0-138.0,91.0,138.0,2020-10-21 16:58:31,固发|控油|滋养|蓬松|防脱头发洗护
628816196968,施华蔻,洗护,洗发护发,120.0,120.0,120.0,2020-12-02 14:00:13,修护|柔顺抚平毛躁头发洗护|精油洗护
629554779505,郁美净,护肤,婴童护肤,51.0-135.0,51.0,135.0,2020-10-21 17:21:48,保湿|滋润|补水婴幼产品|宝宝霜|秋冬
635489828924,维特丝,洗护,美发造型,33.0-70.0,33.0,70.0,2021-01-13 16:00:34,保湿|定型|蓬松
644437640834,USMILE,美容仪器,口腔美容仪,558.0-1212.0,558.0,1212.0,2021-05-29 15:43:11,婴幼产品
645702317304,BOP,口腔护理,漱口水,51.0-102.0,51.0,102.0,2021-10-10 04:16:59,去异味清新口气瓶装
647826676837,欧莱雅,护肤,面部护理,10.0,10.0,10.0,2021-07-07 16:47:40,保湿|修护|抗衰抗皱|紧致欧莱雅黑精华
649048244940,卡姿兰,彩妆,眼部彩妆,71.0-143.0,71.0,143.0,2021-07-07 16:50:29,持妆|显色|立体|防水三角眉笔|棕色|野生眉
652194211362,OLAY,护肤,面部护理,410.0-810.0,410.0,810.0,2021-09-01 11:45:24,保湿|修护|抗衰|滋润|舒缓抗皱|淡化细纹|紧致
652195851362,适乐肤,护肤,面部清洁,139.0-328.0,139.0,328.0,2021-08-25 18:50:26,去痘|去角质|嫩肤|控油|清洁刷酸|敏感肌|油性皮肤|温和|痘痘肌
653442327868,彩棠,彩妆,面部底妆,266.0,266.0,266.0,2021-08-25 18:16:59,持妆|遮瑕
654787814749,逐本,护肤,面部清洁,29.0-31.0,29.0,31.0,2021-09-15 17:20:26,保湿|修护|清洁卸妆|深层清洁以油养肤|便携|敏感肌|旅行装
655467284220,润培,护肤,身体护理,71.0-213.0,71.0,213.0,2021-10-13 10:46:11,保湿|滋润|留香|香体香体乳|香氛|馥奇调
661363560145,AKF,彩妆,唇部彩妆,49.0-73.0,49.0,73.0,2021-12-04 03:03:57,显白学生|小众|平价|秋冬
666137469649,OUTOFOFFICE,彩妆,面部修饰,56.0-259.0,56.0,259.0,2022-01-17 17:36:11,修容|提亮肤色|立体双头
666769637176,HAA,护肤,唇部护理,10.0-62.0,10.0,62.0,2022-02-17 11:38:36,保湿|润唇|淡唇纹|滋润|补水|防裂水润|防干裂唇油膜|葡萄香
667045576807,立白,洗涤,衣物清洁护理,35.0-234.0,35.0,234.0,2022-02-17 11:51:25,彩漂|柔顺|清洁|留香|锁色去污香氛
670150975030,GUOXIAONIU,美妆工具,化妆辅助类工具,9.0-30.0,9.0,30.0,2022-12-06 09:45:19,干湿两用|棉花糖气垫|气垫
675682098265,H5,洗护,美发造型,70.0-212.0,70.0,212.0,2022-07-27 16:54:15,染发冷棕色|在家染发|植物|黑茶色
676917970554,雷尼原创,彩妆,指（趾）甲彩妆,13.0-61.0,13.0,61.0,2023-08-07 11:43:46,加固封层|钢化
677190508690,谷雨,护肤,护肤套装,382.0-953.0,382.0,953.0,2022-07-06 14:14:32,保湿|抗衰|祛斑|美白抗皱|紧致新年限定|水乳
677856050464,蜂花,洗护,洗发护发,20.0,20.0,20.0,2022-07-27 15:05:05,修护|柔顺|滋润抚平毛躁头发洗护
678064478501,洁宜佳,洗涤,衣物清洁护理,30.0-108.0,30.0,108.0,2022-07-13 19:04:59,清洁|漂白去污婴幼产品|爆炸盐
679966959497,HOLIKA HOLIKA,彩妆,眼部彩妆,10.0-39.0,10.0,39.0,2022-10-12 10:45:45,显色|立体单色|哑光|珠光
683942491219,清可新,洗涤,衣物清洁护理,51.0,51.0,51.0,2022-10-21 11:17:45,抑菌|杀菌松木香
684190821799,魅丝蔻,美妆工具,化妆辅助类工具,71.0-112.0,71.0,112.0,2023-04-17 16:11:34,动物毛
684425632015,舒肤佳,洗护,手足清洁,25.0-89.0,25.0,89.0,2022-10-21 11:01:21,抑菌|清洁|留香温和|身体清洁
693550278570,妮维雅,洗护,除臭止汗,27.0-71.0,27.0,71.0,2022-12-15 15:22:09,去异味|止汗|香体去腋臭
695355339247,USVTHY,洗护,美发造型,30.0-81.0,30.0,81.0,2023-03-03 15:18:46,保湿|定型|蓬松
695395624937,红地球,彩妆,面部底妆,59.0-111.0,59.0,111.0,2023-01-05 15:19:21,保湿|打底|隔离妆前面霜|贴贴霜
696754639158,潘婷,洗护,洗发护发,64.0-121.0,64.0,121.0,2023-02-16 11:31:09,修护|去屑|柔顺|清洁|防断发抚平毛躁头发洗护
696764945553,健美创研,彩妆,眼部彩妆,9.0-20.0,9.0,20.0,2023-01-11 16:38:09,持妆|防晕染|防水新手
698639450714,斧头牌,洗涤,家清,25.0,25.0,25.0,2023-07-06 16:45:21,柠檬香|瓶装|香氛
703444179607,可复美,护肤,面部护理,587.0,587.0,587.0,2023-03-01 16:34:59,保湿|修护|滋养|舒缓BFS次抛|次抛
704252166648,丝塔芙,护肤,面部护理,309.0-928.0,309.0,928.0,2023-03-01 17:35:10,保湿|修护|去红|舒缓|补水修护角质层|修红敏感肌
715316575983,ELMEX,口腔护理,儿童口腔护理,50.0-266.0,50.0,266.0,2023-05-30 00:00:00,去异味|固齿|防蛀清新口气含氟|婴幼产品
720041052214,三个魔发匠,洗护,洗发护发,60.0-141.0,60.0,141.0,2023-06-27 15:44:13,去屑|控油|止痒|清洁|舒缓|蓬松改善头痒|深层清洁头发洗护
728215351072,舒肤佳,洗护,洗浴产品,36.0-97.0,36.0,97.0,2023-09-15 16:52:39,清洁家庭装|身体清洁
731415524953,HYUNDAI,美容仪器,头部美容仪,314.0-345.0,314.0,345.0,2023-08-30 16:36:15,男士专用
734978742981,固然堂,洗护,洗发护发,47.0-131.0,47.0,131.0,2023-09-18 11:28:56,修护|滋养|防断发受损修护|头发洗护
736521973562,贝德美,洗护,婴童洗护,75.0-100.0,75.0,100.0,2023-09-06 10:22:19,二合一|多合一|头发洗护|婴幼产品|洗发沐浴露
740845125228,AARYE,护肤,手足护理,80.0-90.0,80.0,90.0,2023-10-14 14:56:26,保湿植萃|联名|香氛
741556056270,造物者,护肤,面部护理,257.0,257.0,257.0,2023-12-07 14:54:38,保湿|抗衰|收缩毛孔|清洁抗皱|淡化细纹|紧致熬夜|精华面膜|蚕丝
741679128301,古迪,美妆工具,化妆辅助类工具,12.0-29.0,12.0,29.0,2023-11-10 10:28:55,斜头|斜角|马毛
742392984642,贝德美,护肤,婴童护肤,10.0,10.0,10.0,2023-10-17 14:21:16,滋润|舒缓舒缓干燥
742684488750,谷雨,护肤,面部护理,10.0,10.0,10.0,2023-11-22 16:45:51,保湿|提亮肤色|美白体验装|奶皮面膜|精华面膜
743501000379,阿古丽娅,护肤,面部护理,44.0,44.0,44.0,2023-12-06 15:33:30,保湿|修护|去痘|控油|滋润|补水
745056823805,美宝莲,护肤,面部清洁,8.0-100.0,8.0,100.0,2023-11-09 15:08:15,清洁卸妆|深层清洁无刺激|水油分离|温和
745776196953,赫系,洗护,洗发护发,58.0-105.0,58.0,105.0,2024-05-21 15:05:38,去屑|控油|柔顺|留香|蓬松头发洗护|微生态|香氛
746836523059,古迪,美妆工具,化妆修饰类工具,21.0,21.0,21.0,2023-12-06 10:07:31,肿眼泡
747354325790,雕牌,洗涤,衣物清洁护理,3.0-91.0,3.0,91.0,2023-12-06 09:56:51,清洁去污透明
750953469077,徽歌,洗护,洗浴产品,70.0-121.0,70.0,121.0,2023-11-29 10:04:06,保湿|清洁|滋润|留香|香体深层清洁身体清洁|香氛|香水沐浴露
757084349404,袋鼠妈妈,洗护,洗护套装,74.0-173.0,74.0,173.0,2023-12-27 11:50:56,修护|去屑|控油头发洗护|男童专用|青少年
769692939342,可复美,护肤,医疗器械类,30.0,30.0,30.0,2024-03-13 14:30:05,修护二类医疗器械
769852916268,蜂花,洗护,洗发护发,50.0-87.0,50.0,87.0,2024-03-20 17:21:21,保湿|修护|柔顺|滋养丝滑|抚平毛躁头发洗护|精油洗护
770400731219,USMILE,美容仪器,口腔美容仪,690.0-1471.0,690.0,1471.0,2024-03-21 16:03:24,nan
773698929360,芙清,护肤,医疗器械类,131.0-262.0,131.0,262.0,2024-03-26 13:41:05,修护|补水术后修护二类医疗器械
784591739623,立白,洗涤,家清,23.0-67.0,23.0,67.0,2024-04-25 13:48:44,nan
785523712070,维特丝,口腔护理,牙膏,20.0-122.0,20.0,122.0,2024-05-14 15:10:22,去异味|美白|防蛀清新口气|美白牙齿
10408035384,薇诺娜,护肤,面部护理,98.0-430.0,98.0,430.0,2019-06-27 17:21:21,保湿|修护|舒缓|补水晒后修护|舒敏脸部泛红
12257578251,施华蔻,洗护,美发造型,70.0,70.0,70.0,2019-06-27 17:22:45,染发在家染发|无氨|植物|黑茶色
12297582989,蜂花,洗护,洗发护发,41.0-82.0,41.0,82.0,2019-06-27 17:22:48,修护|柔顺|滋养|补水抚平毛躁受损修护|头发洗护
12807055113,曼秀雷敦,护肤,唇部护理,41.0-120.0,41.0,120.0,2019-06-27 17:24:30,保湿|去角质|打底|润唇|滋润|补水口红打底|植萃
19490162713,欧莱雅,洗护,洗发护发,41.0-86.0,41.0,86.0,2019-06-27 17:44:16,保湿|修护|柔顺|滋养改善干枯头发洗护|精油洗护
35326866310,菁碧,护肤,面部护理,1.0,1.0,1.0,2019-06-27 17:57:12,保湿|提亮肤色|补水蚕丝
41700662767,自然乐园,护肤,面部护理,41.0-124.0,41.0,124.0,2019-08-07 10:57:35,保湿|修护|去痘印|舒缓|补水晒后修护|舒敏
43860036110,维蕾德,护肤,婴童护肤,107.0-182.0,107.0,182.0,2019-08-07 11:01:36,婴幼产品|红屁屁
44471055307,滴露,洗涤,家清,97.0-582.0,97.0,582.0,2019-12-16 17:11:18,杀菌|消毒一瓶多用|多用
44627051111,启初,护肤,婴童护肤,54.0-106.0,54.0,106.0,2019-08-07 11:05:19,保湿|滋润|舒缓水润婴幼产品|宝宝霜|秋冬
45418752995,冷酸灵,口腔护理,牙膏,17.0-61.0,17.0,61.0,2019-08-07 11:10:48,去异味|抗敏|清洁|牙龈护理|美白健龈|抗敏感|清新口气
45625203248,冷酸灵,口腔护理,牙膏,61.0,61.0,61.0,2019-09-29 14:47:27,去异味|抗敏|清洁抗敏感|清新口气
520836552470,舒客,口腔护理,牙膏,23.0-75.0,23.0,75.0,2019-09-27 17:14:42,去异味|清洁牙齿|美白|防蛀去牙渍|清新口气含氟
529201426325,微希,护肤,面部护理,129.0-258.0,129.0,258.0,2019-10-21 03:19:23,保湿|修护|滋润|舒缓|补水修护角质层|水润隐形面膜
529399019157,薇诺娜,护肤,护肤套装,195.0-351.0,195.0,351.0,2019-06-27 20:38:57,保湿|修护|滋润|舒缓|补水|锁水干性皮肤|敏感肌|水乳
531567354498,妮维雅,护肤,面部清洁,41.0,41.0,41.0,2021-10-08 19:35:50,保湿|清洁|补水深层清洁
533073621218,肌肤之钥,彩妆,面部底妆,553.0-1107.0,553.0,1107.0,2019-06-27 20:53:13,保湿|打底|防晒|隔离新年限定
537219932625,毛戈平,护肤,面部护理,429.0-2394.0,429.0,2394.0,2019-09-27 17:36:45,保湿|修护|抗衰|舒缓抗皱|紧致新年限定|涂抹式
543835400795,兰蔻,护肤,护肤套装,612.0-1153.0,612.0,1153.0,2021-05-07 14:11:55,保湿|修护|补水兰蔻小黑瓶|小黑瓶|新年限定
547142706008,洛黛诗,洗护,洗发护发,28.0-43.0,28.0,43.0,2019-06-27 21:42:57,修护|柔顺|留香抚平毛躁受损修护|头发洗护|精油洗护|香氛
552982987824,云南白药,口腔护理,牙膏,50.0-143.0,50.0,143.0,2019-10-21 03:18:08,去异味|清洁|清火|牙周护理|牙龈护理|美白健龈|清新口气家庭装
554415401017,MIJIA,美容仪器,口腔美容仪,316.0-674.0,316.0,674.0,2021-05-29 11:44:08,学生
557062725034,云南白药,口腔护理,牙膏,54.0-99.0,54.0,99.0,2019-09-27 18:05:50,去异味|抗敏|清洁|牙龈护理|美白健龈|抗敏感|清新口气|美白牙齿
561881298014,卡奇色彩,彩妆,眼部彩妆,10.0,10.0,10.0,2019-08-07 12:54:31,持妆|显色|立体|防晕染|防水卡其色|双头|双头眉笔|新手|极细|棕色|野生眉
567148464360,三橡树,洗护,美发造型,110.0,110.0,110.0,2019-06-28 09:55:33,染发|补色在家染发|天然|无刺激|植物
573796077758,李施德林,口腔护理,漱口水,52.0-187.0,52.0,187.0,2019-09-27 18:47:00,去异味|防蛀清新口气口腔香氛|含氟|温和
575199792141,橘朵,彩妆,面部修饰,30.0-35.0,30.0,35.0,2019-06-28 10:05:42,保湿|修容单色|膨胀色
582320504739,圣罗兰,彩妆,唇部彩妆,422.0-463.0,422.0,463.0,2019-08-23 17:57:33,保湿哑光|小金条|细管|裸色
584816954855,3CE,彩妆,面部修饰,109.0-153.0,109.0,153.0,2019-06-28 10:15:32,修容单色|多用|多用膏|膨胀色
586027108988,橘朵,彩妆,眼部彩妆,31.0,31.0,31.0,2019-06-28 10:16:37,轮廓修饰|防水新手|柔焦|砍刀眉笔|雾感
590498746069,谷雨,护肤,护肤套装,182.0-264.0,182.0,264.0,2019-06-28 10:28:22,保湿|舒缓|补水学生|干性皮肤|水乳
590847970533,花洛莉亚,彩妆,眼部彩妆,9.0,9.0,9.0,2019-08-07 14:02:49,持妆|显色|立体|锁色|防晕染|防水双头|双头眉笔|旋转眉笔|极细|棕色
593070933979,花洛莉亚,彩妆,眼部彩妆,9.0-1019.0,9.0,1019.0,2019-06-28 10:35:06,持妆|显色|立体|锁色|防晕染|防水双头|双头眉笔|旋转眉笔|极细|棕色|自动眉笔
593221220586,悠宜,彩妆,面部底妆,50.0-60.0,50.0,60.0,2019-06-28 10:35:32,保湿|持妆|提亮肤色|遮瑕无瑕|自然色|养肤
594272805322,珀兰娜,彩妆,面部底妆,93.0-198.0,93.0,198.0,2019-09-27 20:45:06,打底|控油|隔离哑光|贴贴霜
596277900325,珂润,护肤,面部清洁,111.0-213.0,111.0,213.0,2019-10-21 03:21:31,保湿|清洁|清爽|舒缓深层清洁敏感肌|温和
597865016633,悠宜,彩妆,面部底妆,90.0-110.0,90.0,110.0,2019-09-29 18:53:41,持妆|控油|遮瑕
600035028930,酵色,彩妆,唇部彩妆,81.0,81.0,81.0,2019-09-29 14:18:22,哑光|镜面
601462995229,芙丽芳丝,护肤,面部清洁,41.0,41.0,41.0,2020-11-12 13:17:28,清洁深层清洁小样
606330027354,柳丝木,彩妆,面部底妆,71.0-112.0,71.0,112.0,2020-01-10 17:47:39,变色|打底|提亮肤色|遮瑕|隔离变色|敏感肌|敏肌彩妆
611937377756,威露士,洗涤,衣物清洁护理,100.0,100.0,100.0,2023-05-29 14:47:46,去异味|杀菌|消毒
612662980474,花洛莉亚,彩妆,眼部彩妆,9.0,9.0,9.0,2020-05-08 14:20:54,持妆|显色|立体|防水双头|双头眉笔|旋转眉笔|极细|棕色|水眉笔|野生眉
613592958661,潘婷,洗护,洗发护发,42.0-126.0,42.0,126.0,2020-04-16 11:33:36,修护|控油|柔顺|滋润|蓬松丝滑|去油|抚平毛躁头发洗护
615109113637,野兽派,香氛,家居香氛,8.0-203.0,8.0,203.0,2021-09-04 11:19:13,熏香卧室|新年限定
617755840347,佳洁士,口腔护理,牙膏,5.0-102.0,5.0,102.0,2023-05-29 14:28:36,去异味|清洁清新口气含盐|多合一|多效|天然|草本
620053164692,花洛莉亚,彩妆,眼部彩妆,9.0,9.0,9.0,2020-07-15 20:34:33,显色|防水双头|双头眉笔|旋转眉笔|极细|棕色|砍刀眉笔
625045668018,FUNNY ELVES,彩妆,定妆,79.0-153.0,79.0,153.0,2020-10-15 18:44:07,定妆|持妆|控油|遮瑕柔焦|雾面
625805788092,芙丽芳丝,护肤,面部清洁,80.0,80.0,80.0,2021-10-14 21:11:11,保湿|清洁|补水敏感肌|温和
627346056453,曼秀雷敦,护肤,唇部护理,27.0-54.0,27.0,54.0,2020-12-02 13:52:28,保湿|去角质|润唇|滋润|补水|防晒|防裂防干裂
627402068692,六神,洗护,洗浴产品,40.0-55.0,40.0,55.0,2020-11-04 09:58:50,保湿|滋润|留香|补水家庭装|菌菇类成分|身体清洁|香氛
628115038230,薇诺娜,护肤,面部护理,185.0,185.0,185.0,2020-09-28 11:14:09,保湿|滋润|舒缓|补水多合一|多效
628238577594,滴露,洗涤,家清,71.0-213.0,71.0,213.0,2020-12-02 13:57:06,杀菌|清洁喷雾型洗涤剂|多功能
628770908142,可复美,护肤,面部护理,101.0,101.0,101.0,2020-10-21 17:58:01,保湿|修护|抗衰|滋润|舒缓|补水水润|紧致|舒敏敏感肌|温和|精华面膜
630935606076,植村秀,彩妆,面部底妆,13.0,13.0,13.0,2023-09-19 16:58:28,持妆|遮瑕油性皮肤|混油皮
640403525636,柏瑞美,彩妆,定妆,25.0-1023.0,25.0,1023.0,2021-05-18 15:03:21,保湿|定妆|持妆|控油|防水柔焦|油性皮肤|雾面
640638628770,可复美,护肤,医疗器械类,227.0-455.0,227.0,455.0,2021-06-11 14:22:31,修护二类医疗器械|敏感肌
641343186329,HBN,护肤,面部护理,278.0-301.0,278.0,301.0,2021-04-14 11:29:04,保湿|修护|滋润|舒缓|补水水润换季|闪修精华|高保湿
641737137575,韩方五谷,洗护,洗浴产品,30.0-71.0,30.0,71.0,2021-04-28 14:36:57,控油|滋润|留香|补水|除螨|香体二合一|多合一|身体清洁|香氛|香水型|香水沐浴露
644447874130,名创优品,彩妆,眼部彩妆,18.0-31.0,18.0,31.0,2021-06-11 14:49:44,持妆|防水不易晕染|极细|棕色
646749659092,尔木萄,美妆工具,化妆辅助类工具,19.0-59.0,19.0,59.0,2021-06-23 17:01:52,干湿两用|气垫
651588553248,卡姿兰,彩妆,定妆,122.0-269.0,122.0,269.0,2021-08-25 16:49:59,定妆|持妆|控油|防水柔焦|水散粉|黑磁散粉
652418338889,超能,洗涤,衣物清洁护理,26.0-180.0,26.0,180.0,2021-08-11 17:15:28,抑菌
653324065367,宝玑米,护肤,身体护理,66.0-130.0,66.0,130.0,2021-10-14 19:55:41,保湿|清爽|滋润|留香|香体冷霜|晚安身体乳|栀子花香|香体乳|香氛
657099655389,孔凤春,护肤,面部护理,20.0-41.0,20.0,41.0,2022-04-27 15:17:43,保湿|控油|清爽|舒缓|补水保湿喷雾|气雾剂|水乳|湿敷
657166708796,兔头妈妈,护肤,婴童护肤,60.0-181.0,60.0,181.0,2021-11-12 16:39:19,保湿|滋润分龄护理|婴幼产品|秋冬|胎脂
657889321461,KATO-KATO,彩妆,面部底妆,73.0-113.0,73.0,113.0,2021-11-04 13:13:52,保湿|遮瑕新年限定|痘印|痘痘肌|裸感|遮斑点|遮法令纹|黑眼圈
658382335590,立白,洗涤,家清,14.9,14.9,14.9,2021-12-23 17:01:29,按压式|柠檬香|香氛
659833815594,ONEFULL,洗涤,衣物清洁护理,81.0-236.0,81.0,236.0,2021-12-24 00:52:43,彩漂|柔顺|清洁|芳香|锁色去污
660528689954,健美创研,彩妆,眼部彩妆,13.0-20.0,13.0,20.0,2021-11-23 16:19:52,持妆|立体|锁色|防水小金条|极细|野生眉
662992279175,AARYE,护肤,手足护理,47.0,47.0,47.0,2021-12-30 17:05:21,保湿植萃|联名|香氛
663071222983,欧莱雅,护肤,护肤套装,356.0-929.0,356.0,929.0,2021-12-20 21:39:53,保湿|修护|抗衰抗皱|紧致新年限定|水乳
666758456222,卡洛美,洗护,洗发护发,101.0-192.0,101.0,192.0,2022-04-13 14:37:06,保湿|修护|清洁|补水|锁色发色护理|头发洗护
667773404680,蜂花,洗护,洗发护发,40.0,40.0,40.0,2022-05-10 11:26:04,固发|强韧|控油|清爽|蓬松去油头发洗护|无硅油
668064473331,珂拉琪,彩妆,唇部彩妆,49.0-610.0,49.0,610.0,2022-03-01 14:20:07,持妆|提升气色|显色|防沾杯低饱和度|柔雾|水感|水雾|水雾唇釉|限定
668818394430,WHITE&WHITE LION,口腔护理,牙膏,20.0,20.0,20.0,2022-11-08 11:29:33,去异味|美白清新口气口腔香氛|柑橘调
669237494893,美肤宝,护肤,防晒及晒后护理,7.9,7.9,7.9,2023-06-26 15:10:04,美白|防晒|隔离体验装|光防护
670118478570,海飞丝,洗护,洗发护发,61.0-164.0,61.0,164.0,2022-03-16 17:51:02,去屑|控油|柔顺|止痒|清洁|清爽去油头发洗护
674372380468,屈臣氏,护肤,面部清洁,11.0-35.0,11.0,35.0,2022-08-24 14:28:37,保湿|清洁卸妆便携|无刺激|温和
674872699119,高露洁,口腔护理,牙膏,46.0-103.0,46.0,103.0,2022-07-13 11:15:41,去异味|美白清新口气按压式|直立式
674886379933,一页,护肤,婴童护肤,131.0-395.0,131.0,395.0,2022-05-11 16:16:15,保湿|滋润冬季|婴幼产品|秋冬|高保湿
676277681140,贝曜洁,洗涤,家清,16.0,16.0,16.0,2022-06-28 15:29:32,清洁
676749417936,THE ORDINARY,护肤,面部护理,75.0-200.0,75.0,200.0,2022-07-27 16:50:08,去痘印|去闭口|控油|清洁刷酸|成分浓度宣称|果酸焕肤|痘印|痘痘肌|精华面膜
677661623671,橘朵,彩妆,面部修饰,34.0-60.0,34.0,60.0,2022-07-27 15:12:33,修容|提亮肤色|立体一体盘|三合一|多合一
678689107550,百雀羚,护肤,面部护理,71.0-142.0,71.0,142.0,2022-10-12 11:01:44,保湿|嫩肤|清爽|滋养|舒缓|补水柔嫩水乳|精华水|草本
679396365892,毛戈平,彩妆,定妆,328.0-758.0,328.0,758.0,2022-08-03 15:39:43,定妆|控油|提亮肤色光感|新年限定
689015729477,好爸爸,洗涤,家清,13.0,13.0,13.0,2022-11-01 15:56:06,杀菌|清洁家庭装|瓶装
689606415898,润本,洗涤,衣物清洁护理,27.0-85.0,27.0,85.0,2022-11-01 16:13:54,柔顺|留香|防静电喷雾型洗涤剂|香氛
690121043582,SDX,护肤,颈部护理,114.0-342.0,114.0,342.0,2022-11-15 14:35:39,保湿|去颈纹|抗衰抗皱|淡化细纹|紧致滚珠
695815171913,超能,洗涤,衣物清洁护理,41.0,41.0,41.0,2023-02-16 14:47:42,抑菌瓶装
700567791402,菲丽菲拉,彩妆,眼部彩妆,25.0-39.0,25.0,39.0,2023-03-02 11:19:15,定型|显色|锁色|防晕染|防水棕色
702206844311,超能,洗涤,衣物清洁护理,11.0-111.0,11.0,111.0,2023-02-23 11:59:33,清洁去污柑橘调|柠檬香|透明|香氛
702971065768,高露洁,口腔护理,牙膏,17.0,17.0,17.0,2023-05-16 10:53:41,清洁牙齿|美白去牙渍含盐
706261293526,MIJIA,美容仪器,口腔美容仪,259.0,259.0,259.0,2023-03-29 14:59:37,便携|情人节
707738024350,涵贝尔,美妆工具,化妆修饰类工具,12.0,12.0,12.0,2023-04-12 18:27:21,nan
710123991330,JEAN-MISS,香氛,人体香氛,93.0,93.0,93.0,2023-04-07 11:37:46,留香玫瑰花香|花果香|花香调|茶香
710503099389,戈雅,彩妆,指（趾）甲彩妆,12.0-1388.0,12.0,1388.0,2023-08-07 15:28:27,裸色
711777763931,卡姿兰,彩妆,面部底妆,120.0-165.0,120.0,165.0,2023-04-18 15:52:31,持妆|控油|遮瑕
713780106567,小奥汀,彩妆,眼部彩妆,59.0-119.0,59.0,119.0,2023-04-25 11:58:22,定型|持妆|显色|防晕染|防水双头|双头眉笔|水眉笔|野生眉
720401364154,儒意,洗护,洗发护发,44.0-95.0,44.0,95.0,2023-06-13 10:06:22,修护|柔顺抚平毛躁|染烫受损护理免蒸发膜|受损修护|头发洗护
720673883882,泰克斯乐,洗涤,衣物清洁护理,30.0,30.0,30.0,2023-08-30 20:32:41,杀菌
724642986034,立白,洗涤,衣物清洁护理,44.0-279.0,44.0,279.0,2023-06-19 00:00:00,抑菌|杀菌|清洁|除螨天然|植物
727694232944,舒肤佳,洗护,洗浴产品,22.0-72.0,22.0,72.0,2023-08-16 11:24:38,清洁家庭装|身体清洁
730936761531,花知晓,彩妆,唇部彩妆,90.0,90.0,90.0,2023-08-22 11:31:59,成膜|镜面
730937189224,花知晓,彩妆,眼部彩妆,131.0,131.0,131.0,2023-08-22 11:32:00,六色|哑光|珠光|细闪
731450061156,云南白药,口腔护理,牙膏,38.0-58.0,38.0,58.0,2023-08-01 13:56:06,去异味|清洁|牙龈护理|美白健龈|清新口气|美白牙齿
732873087812,清扬,洗护,洗发护发,41.0-112.0,41.0,112.0,2023-08-14 16:33:43,去屑|控油|止痒|清洁|蓬松头发洗护|男士专用|薄荷香|运动型|香氛
733407118792,三资堂,彩妆,眼部彩妆,63.0,63.0,63.0,2023-09-15 15:32:49,持妆|防水水眉笔|野生眉
733824434543,原色波塔,彩妆,眼部彩妆,59.0-119.0,59.0,119.0,2023-08-22 12:14:15,定型|显色ins风|野生眉
738348940273,植村秀,护肤,面部清洁,10.0-13.0,10.0,13.0,2023-09-19 14:59:09,清洁卸妆|深层清洁以油养肤|小样|温和
738563662314,凡士林,护肤,唇部护理,25.0-106.0,25.0,106.0,2023-09-19 15:05:56,保湿|修护|润唇|淡唇纹|滋润|舒缓
743043678089,赛逸,洗护,洗发护发,50.0-132.0,50.0,132.0,2023-11-22 19:32:35,去屑|控油|止痒|蓬松临期|头发洗护
747397238093,肌肤之钥,彩妆,面部底妆,1032.0,1032.0,1032.0,2023-12-09 00:00:00,保湿|打底|控油|提亮肤色|遮瑕|隔离
747511386330,雕牌,洗涤,衣物清洁护理,3.0-38.0,3.0,38.0,2023-12-22 11:12:05,清洁去污家庭装
752544756578,欧莱雅,护肤,面部护理,406.0,406.0,406.0,2023-12-09 00:00:00,保湿|修护|抗衰|滋养|滋润|补水抗皱|紧致小蜜罐|秋冬|花蜜
757173611740,袋鼠妈妈,护肤,护肤套装,79.0-243.0,79.0,243.0,2023-12-27 11:30:17,去痘|控油痘痘肌|青少年|青春期
758983531927,酵色,彩妆,多功能彩妆,92.0,92.0,92.0,2024-01-16 14:08:01,保湿多用|多用霜|新品|氛围感
771689908859,自然堂,护肤,面部护理,7.0,7.0,7.0,2024-04-17 17:10:44,修护|抗衰|舒缓抗皱|紧致小紫瓶|抗疲老
800402756760,一苏,护肤,T区护理,167.0-206.0,167.0,206.0,2024-06-24 10:42:42,去黑头|控油|清洁深层清洁
807646820631,修丽可,护肤,面部护理,20.0,20.0,20.0,2024-07-02 16:33:23,保湿|修护|清爽|舒缓体验装|植萃|水乳|精华水
808352992917,舒客,美容仪器,口腔美容仪,251.0-470.0,251.0,470.0,2024-07-03 15:07:16,学生|新年限定
811591429942,薇诺娜,护肤,面部护理,20.0,20.0,20.0,2024-07-16 18:11:11,保湿|舒缓|补水舒敏
818670327842,敷尔佳,护肤,面部护理,119.0-478.0,119.0,478.0,2024-08-07 10:39:45,保湿|去痘|控油|收缩毛孔|补水刷酸|微生态|果酸焕肤|痘痘肌
12281450242,强生婴儿,洗护,婴童洗护,25.0-51.0,25.0,51.0,2019-08-07 10:23:22,锁水天然|头发洗护|婴幼产品|弱酸|无泪|身体清洁
12309130885,蓝月亮,洗涤,衣物清洁护理,34.0-68.0,34.0,68.0,2019-12-16 17:01:24,彩漂|清洁|留香|锁色去污瓶装|香氛
12339124147,云南白药,口腔护理,牙膏,41.0-164.0,41.0,164.0,2019-08-07 10:23:25,去异味|清洁|牙龈护理|美白健龈|清新口气口腔香氛|多合一|多效
16694876511,强生婴儿,护肤,婴童护肤,27.0-205.0,27.0,205.0,2019-08-07 10:25:21,保湿|滋润|防裂防干裂婴幼产品|秋冬
17798564300,OLAY,护肤,面部护理,133.0-290.0,133.0,290.0,2019-06-27 17:39:13,保湿|修护|抗衰|补水抗皱|淡化细纹|紧致多合一|多效
35469534689,珀莱雅,护肤,护肤套装,231.0-485.0,231.0,485.0,2019-06-27 17:57:45,保湿|抗衰|补水抗皱|淡化细纹|紧致水乳
39571199816,雅诗兰黛,护肤,护肤套装,742.0-3245.0,742.0,3245.0,2019-06-27 19:27:33,保湿|修护|抗衰|滋润|舒缓抗皱|水润|紧致限定|雅诗兰黛小棕瓶
4091962236,舒客,口腔护理,牙膏,34.0-127.0,34.0,127.0,2019-10-21 03:21:30,去异味|清洁牙齿|美白去烟渍|去牙渍|清新口气含氟
43391814784,欧舒丹,护肤,手足护理,297.0,297.0,297.0,2019-06-27 19:41:48,保湿|修护|滋润
44535801812,立白,洗涤,衣物清洁护理,12.0,12.0,12.0,2020-01-10 17:10:31,杀菌
5095836670,曼秀雷敦,护肤,唇部护理,23.0-75.0,23.0,75.0,2019-06-27 17:13:20,保湿|润唇|淡唇纹|滋润|补水唇霜
522886914370,斧头牌,洗涤,家清,40.0-81.0,40.0,81.0,2020-01-10 17:10:42,家庭装|柠檬香|香氛
523901519105,好来,口腔护理,牙膏,56.0,56.0,56.0,2019-10-21 03:24:56,清洁牙齿去牙渍家庭装
524892263919,蜂花,洗护,洗发护发,37.0-49.0,37.0,49.0,2019-06-27 20:23:34,亮泽|固发|强韧|控油|蓬松去油头发洗护|无硅油
525756387806,芙丽芳丝,护肤,面部清洁,134.0-268.0,134.0,268.0,2019-10-21 03:18:02,保湿|清洁中性皮肤|敏感肌
531622369372,上海,洗护,香皂,13.0-36.0,13.0,36.0,2019-08-07 11:43:36,清洁|除螨洁面皂|硫磺皂|身体清洁|除螨皂
538766297543,OLAY,护肤,面部护理,453.0-761.0,453.0,761.0,2019-06-27 21:15:20,修护|抗衰|提亮肤色|祛斑|美白紧致次抛
544502344102,可复美,护肤,医疗器械类,234.0-937.0,234.0,937.0,2019-08-07 11:50:19,二类医疗器械|冷敷|敏感肌
562216069834,潘婷,洗护,洗发护发,48.0-144.0,48.0,144.0,2020-06-23 19:40:29,修护|柔顺|滋润丝滑头发洗护
566736402567,稚优泉,护肤,面部清洁,57.0-125.0,57.0,125.0,2019-10-21 03:18:31,保湿|清洁|舒缓卸妆三合一|多合一|微生态|慕斯|温和|眼唇脸三合一
570413946681,云南白药,口腔护理,牙膏,93.0-187.0,93.0,187.0,2019-08-07 13:11:14,去异味|清洁|牙龈护理|美白健龈|清新口气温和
578001071843,舒适达,口腔护理,牙膏,54.0-64.0,54.0,64.0,2019-08-07 13:18:22,去异味|抗敏|清洁|牙龈护理|防蛀抗敏感|清新口气含氟|多合一|多效
578233216891,清扬,洗护,洗发护发,30.0,30.0,30.0,2020-05-13 18:55:55,去屑|止痒|留香头发洗护|香氛
581333547897,柏瑞美,彩妆,定妆,49.0-97.0,49.0,97.0,2019-09-27 20:32:35,保湿|定妆|持妆|控油便携
586844818988,至本,护肤,面部护理,93.0,93.0,93.0,2019-07-04 04:23:39,保湿|修护|嫩肤|抗衰|滋养抗皱|柔嫩|紧致以油养肤|敏感肌|精华油|精粹油
586844962932,至本,护肤,面部清洁,55.0,55.0,55.0,2019-06-28 10:18:08,修护|清洁|舒缓敏感肌|温和|表活
588243431707,十月结晶,护肤,婴童护肤,51.0-77.0,51.0,77.0,2019-08-07 13:56:36,爽身天然|婴幼产品|新生儿适用
596032735271,多芬,洗护,洗浴产品,31.0-51.0,31.0,51.0,2019-08-07 14:11:33,清洁|滋养|滋润|留香深层清洁身体清洁|香氛
600375378990,谷雨,护肤,面部护理,153.0-390.0,153.0,390.0,2019-11-01 11:50:08,保湿|修护|提亮肤色|祛斑|美白|舒缓|补水祛黄奶皮面膜|精华面膜
601395342423,柳丝木,护肤,面部清洁,62.0-175.0,62.0,175.0,2020-07-15 20:27:12,清洁卸妆以油养肤|干湿两用|敏感肌|植萃|水感
605694503214,瑷尔博士,护肤,面部护理,112.0-822.0,112.0,822.0,2020-01-10 17:43:20,保湿|修护|舒缓|补水微生态护肤品牌|熬夜
607376333498,格润,口腔护理,儿童口腔护理,84.0-180.0,84.0,180.0,2020-08-20 14:51:21,去异味|固齿|清洁|防蛀清新口气不含氟|含氟|天然|婴幼产品
613787154163,妖制,美妆工具,化妆辅助类工具,20.0-30.0,20.0,30.0,2020-08-13 12:33:20,干湿两用|气垫
617361236670,溪木源,护肤,面部清洁,75.0-296.0,75.0,296.0,2020-07-15 20:30:35,清洁|舒缓清洁毛孔慕斯|敏感肌|温和
617762776093,凡士林,护肤,其他护肤,19.0-58.0,19.0,58.0,2020-07-23 11:43:14,保湿|修护|滋润|补水婴幼产品|高保湿
620733335342,花洛莉亚,彩妆,眼部彩妆,20.0-22.0,20.0,22.0,2020-07-09 10:23:20,防晕染|防水
623859406602,且初,洗护,洗发护发,92.0-98.0,92.0,98.0,2020-10-15 18:45:17,柔顺头发洗护|精油洗护
625401561055,滴露,洗涤,衣物清洁护理,87.0-410.0,87.0,410.0,2020-09-03 15:42:32,杀菌|消毒|除螨柑橘调|柠檬香|香氛
625468667144,乐肤洁,护肤,面部护理,36.0-148.0,36.0,148.0,2020-08-20 14:46:30,去痘|抗痘|隔离痘印|痘痘肌
626310256179,威露士,洗护,手足清洁,41.0-82.0,41.0,82.0,2020-10-29 13:12:03,抑菌|消毒|清洁|滋润婴幼产品|温和|身体清洁
630944943408,KATO-KATO,彩妆,定妆,76.0-211.0,76.0,211.0,2020-11-11 13:36:46,定妆|持妆|控油新年限定|柔焦|水散粉|裸色
631470155485,老管家,洗涤,衣物清洁护理,41.0,41.0,41.0,2023-05-25 13:48:32,杀菌|留香柑橘调|柠檬香|香氛
632388251861,屈臣氏,护肤,身体护理,29.0-58.0,29.0,58.0,2021-02-03 11:12:50,保湿|滋养|滋润水润高保湿
637626489014,贝德美,护肤,婴童护肤,51.0-113.0,51.0,113.0,2021-03-02 17:12:09,保湿|润唇|滋润|舒缓|防裂防干裂婴幼产品|微生态
638553091481,参半,口腔护理,口腔喷雾,20.0-107.0,20.0,107.0,2021-03-02 17:53:36,口喷|蜜桃香
644974883250,韩愢,洗护,美发造型,101.0-195.0,101.0,195.0,2021-05-24 13:49:59,染发|补色无氨|植物|黑茶色
645047214948,INTO YOU,彩妆,唇部彩妆,76.0-230.0,76.0,230.0,2021-05-24 13:50:25,持妆丝绒|哑光|空气唇泥|空气唇釉|空气感|绒感|雾面
646072501164,欧莱雅,护肤,面部护理,19.0,19.0,19.0,2021-06-11 14:32:21,保湿|抗衰抗皱|淡化细纹|紧致欧莱雅紫熨斗|水光
651271811989,丝塔芙,护肤,面部清洁,183.0-366.0,183.0,366.0,2021-09-08 11:17:22,保湿|清洁|滋润|舒缓水润敏感肌|温和
653246421718,健美创研,彩妆,眼部彩妆,11.0-24.0,11.0,24.0,2021-09-01 13:47:51,卷翘|定型|打底|纤长|防晕染|防水
654376764201,BVZIP,洗护,洗发护发,30.0-110.0,30.0,110.0,2021-10-31 10:13:29,去屑|控油|止痒|蓬松头发洗护
654418483473,半亩花田,护肤,唇部护理,41.0-98.0,41.0,98.0,2021-09-08 14:10:41,保湿|润唇|淡唇纹|滋润|补水
656277436694,韩方五谷,洗护,美发造型,70.0-101.0,70.0,101.0,2021-10-13 21:10:24,定型|染发|补色无刺激|植物|纯植物|黑茶色
656442861728,润本,洗涤,衣物清洁护理,35.0-81.0,35.0,81.0,2021-10-12 22:18:46,抑菌|杀菌|清洁去污
656942865563,HBN,护肤,面部清洁,162.0-241.0,162.0,241.0,2021-11-04 00:05:01,清洁云感|温和|表活
657933428963,优沃朵,彩妆,面部底妆,100.0-139.0,100.0,139.0,2021-11-04 14:41:40,保湿|持妆|控油|遮瑕干性皮肤|油性皮肤|透明
658037685844,珀莱雅,护肤,面部护理,13.0,13.0,13.0,2022-03-01 14:19:35,抗衰抗皱|淡化细纹|紧致
659504163002,羽素,护肤,面部护理,214.0-367.0,214.0,367.0,2022-05-18 11:47:17,修护|去痘|控油|舒缓痘痘肌|痘肌修护
661535144151,JOHN JEFF,护肤,面部护理,56.0-612.0,56.0,612.0,2021-12-31 00:47:45,去痘|去红|控油|舒缓修红痘痘肌|脸部泛红
667251406396,魅女郎,美妆工具,化妆辅助类工具,17.0-30.0,17.0,30.0,2022-03-10 17:07:59,斜头|羊毛
668580882749,JOHN JEFF,护肤,面部清洁,39.0-119.0,39.0,119.0,2022-03-18 18:17:18,清洁深层清洁|清洁毛孔刷酸|慕斯
668974738667,冷酸灵,口腔护理,牙膏,23.0-116.0,23.0,116.0,2022-02-25 14:02:19,去异味|抗敏|美白抗敏感|清新口气泵式
669276499459,欧莱雅,护肤,防晒及晒后护理,50.0-80.0,50.0,80.0,2023-09-19 17:00:38,防晒|隔离体验装|光防护|多重防护|敏感肌
669497199937,毛戈平,彩妆,面部底妆,385.0-760.0,385.0,760.0,2022-03-01 15:34:43,持妆|遮瑕|防晒新年限定|无瑕|气垫|气垫粉霜|遮瑕粉|限定
670917641678,清扬,洗护,洗发护发,45.0-91.0,45.0,91.0,2022-05-09 15:47:15,去屑|强韧|控油|止痒|蓬松头发洗护
677974349056,修丽可,护肤,防晒及晒后护理,20.0,20.0,20.0,2023-01-05 14:42:18,美白|防晒光防护|精华防晒
681085565722,珂拉琪,彩妆,唇部彩妆,30.0-45.0,30.0,45.0,2022-10-11 16:02:10,提升气色丝绒|哑光|学生|水光|空气唇泥|空气唇釉|空气感|绒感|镜面
684480447229,一页,护肤,婴童护肤,103.0,103.0,103.0,2022-09-21 11:02:37,保湿|滋润婴幼产品|高保湿
685118919497,卡姿兰,彩妆,定妆,149.0-280.0,149.0,280.0,2022-10-21 00:00:00,定妆|控油|提亮肤色新年限定
688713958718,BABI,彩妆,定妆,86.0-151.0,86.0,151.0,2023-01-31 18:03:37,定妆|持妆|控油|防水柔焦|油性皮肤
690481967324,媞妃特,彩妆,面部底妆,59.0-118.0,59.0,118.0,2022-11-15 14:30:19,保湿|控油|提亮肤色|遮瑕痘印|痘痘肌|黑眼圈
692353896555,易复美,护肤,面部护理,11.0-44.0,11.0,44.0,2023-12-28 14:24:41,去痘|去痘印|去角质|收缩毛孔刷酸|成分浓度宣称|痘印|痘痘肌
696292742202,高露洁,口腔护理,漱口水,51.0,51.0,51.0,2023-05-05 14:43:39,去异味清新口气含盐|无酒精
697082058955,韩束,护肤,护肤套装,74.0-632.0,74.0,632.0,2023-02-07 14:19:06,保湿|抗衰抗皱|紧致新年限定|水乳
704466320851,INTO YOU,彩妆,唇部彩妆,71.0-1028.0,71.0,1028.0,2023-03-29 17:40:16,提升气色|显色唇颊两用|水光|裸色|镜面
706420652043,资生堂,洗护,洗发护发,149.0-499.0,149.0,499.0,2023-04-13 14:38:33,柔顺|蓬松|补水抚平毛躁|防干枯头发洗护
720688083145,JILL LEEN,彩妆,面部修饰,17.0,17.0,17.0,2023-06-05 17:11:09,保湿|修容|持妆|提亮肤色|提升气色|轮廓修饰亲肤|氛围感|腮紫|膨胀色
729597046545,红之,护肤,面部清洁,120.0-216.0,120.0,216.0,2023-07-25 18:30:21,清洁卸妆|深层清洁|清洁毛孔中性皮肤|以油养肤|多合一|多效|温和
731046826236,水卫仕,洗涤,衣物清洁护理,50.0-114.0,50.0,114.0,2023-08-30 17:03:24,彩漂|清洁去污活氧|爆炸盐
733041570567,3CE,彩妆,唇部彩妆,122.0,122.0,122.0,2023-08-30 12:05:36,保湿哑光|奶唇泥|柔雾|铁锈红
736568013050,ELL,护肤,面部清洁,59.0-95.0,59.0,95.0,2023-10-26 11:15:26,保湿|收缩毛孔|清洁卸妆|深层清洁中性皮肤|以油养肤|养肤|敏感肌|植萃|水感
737903687994,PAU,口腔护理,漱口水,30.0-60.0,30.0,60.0,2023-11-14 13:58:05,去异味|抑菌|留香清新口气便携
741912295219,OKCS,洗护,美发造型,51.0-96.0,51.0,96.0,2023-10-23 19:26:42,染发植物|纯黑色|黑茶色
749274080541,原色波塔,彩妆,眼部彩妆,60.0-93.0,60.0,93.0,2023-11-29 10:43:40,持妆|显色ins风
757085081734,花知晓,彩妆,面部修饰,112.0,112.0,112.0,2024-01-03 18:36:35,提亮肤色|立体水光|浮雕腮红
771704697547,温博士,护肤,面部护理,62.0-198.0,62.0,198.0,2024-03-20 15:57:47,保湿|控油|收缩毛孔|清爽|舒缓|补水水乳|湿敷|精华水
781154955087,维特丝,护肤,面部护理,73.0-220.0,73.0,220.0,2024-04-17 17:15:15,保湿|提亮肤色|收缩毛孔|祛斑|美白|补水改善黯沉双抗
790221034874,酵色,彩妆,唇部彩妆,82.0-164.0,82.0,164.0,2024-05-31 00:00:00,保湿嘟嘟唇|固体唇蜜|成膜|水光|镜面
794751691749,自然堂,护肤,面部护理,84.0-303.0,84.0,303.0,2024-05-17 13:53:00,保湿|修护|强韧|滋润|舒缓|补水水润敏感肌|温和|等渗
802707589298,滴露,洗涤,衣物清洁护理,56.0-168.0,56.0,168.0,2024-06-17 14:40:57,去异味|杀菌|消毒喷雾型洗涤剂
803404015132,海飞丝,洗护,洗发护发,51.0-110.0,51.0,110.0,2024-07-24 16:47:07,去屑|控油|柔顺|止痒头发洗护
808843243817,上海,洗护,香皂,2.0-9.0,2.0,9.0,2024-07-02 16:19:20,抑菌|清洁|除螨洁面皂|硫磺皂|身体清洁|除螨皂
12424637205,好来,口腔护理,牙膏,20.0-61.0,20.0,61.0,2019-09-27 16:46:13,清洁牙齿|防蛀去烟渍|去牙渍
14304144995,郁美净,护肤,婴童护肤,38.0,38.0,38.0,2019-08-07 10:24:15,保湿|滋润婴幼产品|温和
15872507686,云南白药,口腔护理,牙膏,41.0-123.0,41.0,123.0,2019-10-21 03:18:15,去异味|牙龈护理|美白健龈|清新口气口腔香氛|温和
16524601412,隆力奇,护肤,手足护理,7.0-19.0,7.0,19.0,2019-12-19 17:05:56,保湿|滋润|补水|防裂便携
18037078376,汰渍,洗涤,衣物清洁护理,51.0-245.0,51.0,245.0,2020-01-10 17:09:54,杀菌|清洁|留香|除螨去污柑橘调|柠檬香|香氛
19555706156,妇炎洁,洗护,私密清洁,23.0-82.0,23.0,82.0,2019-10-21 03:19:07,抑菌|止痒|清洁植物
35016923522,郁美净,护肤,婴童护肤,62.0-83.0,62.0,83.0,2019-08-07 10:28:52,保湿|滋养|滋润|补水婴幼产品|宝宝霜|秋冬
35409596053,自然堂,护肤,面部护理,120.0-213.0,120.0,213.0,2019-08-07 10:29:10,保湿|滋润|补水水润学生
38848279045,雅诗兰黛,护肤,面部护理,753.0-1789.0,753.0,1789.0,2019-06-27 19:24:51,保湿|修护|抗衰|滋润抗氧化|抗皱|水润|淡化细纹|紧致精华露|雅诗兰黛小棕瓶|微生态
43981898210,欧莱雅,洗护,洗发护发,35.0-87.0,35.0,87.0,2019-06-27 19:44:36,柔顺|滋养抚平毛躁头发洗护|新年限定|精油洗护
44760465466,蜂花,洗护,洗发护发,12.0,12.0,12.0,2019-06-27 19:48:45,保湿|修护|柔顺|滋润受损修护|头发洗护
5095550874,曼秀雷敦,护肤,唇部护理,27.0-45.0,27.0,45.0,2019-06-27 17:13:18,保湿|打底|润唇|滋润|防晒|防裂防干裂口红打底
522745436705,袋鼠妈妈,口腔护理,口腔护理套装,44.0-135.0,44.0,135.0,2019-08-07 11:29:36,去异味清新口气不含氟|准孕妇|孕妇|宝妈|家庭装
527898990396,滴露,洗护,手足清洁,31.0-72.0,31.0,72.0,2019-09-27 20:31:16,抑菌|清洁|滋润学生|补充装|身体清洁
528064755439,妮维雅,洗护,除臭止汗,19.0-67.0,19.0,67.0,2019-06-27 20:33:44,去异味|止汗|香体去腋臭
530542339390,雅诗兰黛,彩妆,面部底妆,496.0,496.0,496.0,2019-06-27 20:42:11,持妆|控油|遮瑕|防晒
531288468961,SYOSS,洗护,美发造型,23.0-52.0,23.0,52.0,2019-10-21 03:20:01,保湿|定型|滋润弹力固卷|水润空气感
536311571530,大洁王,洗涤,衣物清洁护理,17.0-888.0,17.0,888.0,2019-12-16 17:15:28,环保
537655659887,清扬,洗护,洗发护发,48.0-97.0,48.0,97.0,2019-06-27 21:10:45,去屑|柔顺|止痒|滋养|滋润|蓬松抚平毛躁|水润多合一|多效|头发洗护|蓬蓬水
545152099806,海飞丝,洗护,洗发护发,60.0-129.0,60.0,129.0,2019-06-27 21:38:19,去屑|滋润头发洗护
547479466370,贝亲,护肤,婴童护肤,57.0-171.0,57.0,171.0,2019-08-07 11:53:43,滋润|爽身婴幼产品|桃子水|液体爽身粉|秋冬
548071105705,滴露,洗涤,衣物清洁护理,87.0-349.0,87.0,349.0,2019-12-16 17:18:42,抑菌|杀菌|消毒|除螨柑橘调|柠檬香|香氛
551192056909,云南白药,口腔护理,牙膏,102.0-128.0,102.0,128.0,2019-08-07 11:55:05,去异味|清洁|牙龈护理|美白健龈|清新口气|美白牙齿
553947902313,欧舒丹,护肤,手足护理,308.0,308.0,308.0,2019-06-28 09:27:32,保湿|滋润|防裂香氛
556122885591,欧莱雅男士,洗护,美发造型,51.0-105.0,51.0,105.0,2019-09-29 15:11:22,定型|蓬松哑光|男士专用
557504382046,凡士林,护肤,其他护肤,29.0-83.0,29.0,83.0,2019-06-28 09:37:53,保湿|修护|润唇|淡唇纹|滋润
557890457365,蓝月亮,洗涤,衣物清洁护理,98.0-145.0,98.0,145.0,2020-01-10 17:12:40,清洁|留香|除螨去污|深层清洁香氛
561772772229,舒适达,口腔护理,牙膏,61.0-105.0,61.0,105.0,2019-08-07 12:54:27,修护|抗敏|清洁|牙龈护理抗敏感含氟
564093547806,圣罗兰,彩妆,唇部彩妆,426.0,426.0,426.0,2019-06-28 09:51:17,保湿镜面
569836999958,贝亲,洗护,婴童洗护,83.0-184.0,83.0,184.0,2019-08-07 13:10:52,二合一|多合一|头发洗护|婴幼产品
573957758391,白猫,洗涤,衣物清洁护理,38.0,38.0,38.0,2019-12-16 17:29:06,清洁去污
576223028007,冰希黎,香氛,人体香氛,203.0-246.0,203.0,246.0,2019-06-28 10:06:28,留香鎏金香水
581250432788,香奈儿,护肤,面部清洁,534.0,534.0,534.0,2019-10-21 03:15:37,保湿|清洁新年限定
582344228159,欧莱雅,护肤,眼部护理,311.0-377.0,311.0,377.0,2019-06-28 10:12:10,保湿|抗衰抗皱|淡化细纹欧莱雅紫熨斗|水光|黑眼圈
583203486065,潘婷,洗护,洗发护发,65.0-131.0,65.0,131.0,2019-06-28 10:12:49,修护|控油|柔顺|滋润|蓬松丝滑|去油|抚平毛躁头发洗护|家庭装
584593808512,英氏,洗涤,衣物清洁护理,65.0-323.0,65.0,323.0,2019-12-16 17:34:28,清洁去污婴幼产品
592711986792,冷酸灵,口腔护理,牙膏,15.0-38.0,15.0,38.0,2019-08-07 14:05:33,去异味|抗敏|清洁牙齿|牙龈护理|防蛀去牙渍|清新口气青柠香
598457014328,屈臣氏,护肤,手足护理,31.0-155.0,31.0,155.0,2019-09-29 09:41:26,保湿|抗衰|滋润|补水水润|紧致
598622363693,芬浓,洗护,洗发护发,82.0-247.0,82.0,247.0,2019-09-29 09:44:49,修护|柔顺|滋养|补水受损修护|头发洗护
599217001492,HBN,护肤,面部护理,151.0-290.0,151.0,290.0,2020-12-03 18:16:00,保湿|抗衰|提亮肤色|清爽|舒缓抗氧化发光|水乳|湿敷|精华水|精粹水
602223346621,HBN,护肤,护肤套装,340.0-661.0,340.0,661.0,2020-07-23 10:02:26,保湿|抗衰|提亮肤色|舒缓抗皱|淡化细纹|紧致分时护理|发光|早C晚A
602630942558,曼秀雷敦,护肤,唇部护理,43.0-254.0,43.0,254.0,2019-10-21 03:16:09,保湿|去角质|滋润|防裂水润|防干裂慕斯
607240486975,海维斯,洗护,美发造型,30.0,30.0,30.0,2019-11-07 13:58:02,染发在家染发|无刺激|植物|纯黑色|黑茶色
608121825129,欧莱雅,护肤,面部清洁,15.0,15.0,15.0,2020-01-02 13:08:26,保湿|去角质|清洁|舒缓清洁毛孔体验装|水光
610491349125,卡姿兰,彩妆,唇部彩妆,120.0-440.0,120.0,440.0,2020-02-28 13:47:48,显色新年限定|浆果色|裸色|豆沙色
611460316780,欧莱雅,护肤,护肤套装,507.0-1014.0,507.0,1014.0,2020-10-21 17:51:07,保湿|抗衰抗皱|紧致小蜜罐|新年限定|花蜜
611499692882,丝塔芙,护肤,身体护理,109.0,109.0,109.0,2020-05-27 17:32:40,保湿婴幼产品|敏感肌
616583212733,珂拉琪,彩妆,眼部彩妆,71.0,71.0,71.0,2020-05-08 14:45:06,持妆|立体|防水
618488552961,迪奥,彩妆,唇部彩妆,409.0-461.0,409.0,461.0,2020-06-23 19:37:16,保湿哑光|柔雾|绒雾
618731183088,逐本,护肤,面部清洁,123.0-133.0,123.0,133.0,2020-06-04 10:09:45,保湿|修护|去角质|清洁|舒缓卸妆以油养肤|新品|植萃|水感|温和|精油养肤
621584544780,网易严选,香氛,家居香氛,20.0-84.0,20.0,84.0,2023-08-21 11:40:10,熏香|除味|清新空气卫生间|室内
625321189766,蓝月亮,洗涤,衣物清洁护理,47.0-132.0,47.0,132.0,2021-02-03 10:22:13,清洁|留香去污|深层清洁瓶装|香氛
625752986103,尔木萄,彩妆,眼部彩妆,17.0-35.0,17.0,35.0,2020-10-15 18:42:52,显色双头|双头眉笔|极细
625821313781,芭菲,洗涤,衣物清洁护理,20.0,20.0,20.0,2021-03-10 15:48:39,柔顺|清洁|留香深层清洁香氛
626504008074,LA,洗涤,衣物清洁护理,41.0,41.0,41.0,2020-11-11 11:35:47,杀菌|清洁|除螨
628266757849,润培,护肤,手足护理,39.0-268.0,39.0,268.0,2020-11-03 13:48:39,保湿|补水植物|秋冬|香氛|馥奇调
629559043546,曼秀雷敦,洗护,洗发护发,81.0-172.0,81.0,172.0,2020-10-21 17:31:26,去屑|控油|柔顺|止痒|清爽|蓬松头发洗护
629754573959,且初,洗护,洗发护发,24.0-224.0,24.0,224.0,2021-02-03 10:41:29,亮泽|柔顺|留香抚平毛躁头发洗护|精油洗护|香氛
630980256640,珀莱雅,护肤,面部护理,337.0,337.0,337.0,2020-12-09 18:15:36,保湿|抗衰抗皱|紧致
631864944529,维特丝,洗护,美发造型,35.0-103.0,35.0,103.0,2020-12-09 18:16:02,保湿|定型|留香|蓬松哑光|男士专用
632645548699,彩棠,彩妆,面部底妆,211.0-422.0,211.0,422.0,2020-12-16 13:46:17,保湿|打底|控油|隐形毛孔|隔离多合一|多效|贴贴霜|限定
633161438835,USMILE,口腔护理,儿童口腔护理,46.0-102.0,46.0,102.0,2021-02-03 11:21:15,去异味|防蛀清新口气含氟|抗糖|换牙期
636809286133,蜂花,洗护,洗发护发,80.0-169.0,80.0,169.0,2021-01-19 20:09:09,固发|强韧|滋养|蓬松|防断发|防脱头发洗护|植萃
640146067209,稀物集,护肤,面部清洁,71.0-198.0,71.0,198.0,2021-04-14 11:01:20,保湿|修护|清洁|舒缓卸妆中性皮肤|亲肤|干性皮肤|油性皮肤|菌菇类成分
642089509687,维特丝,洗护,美发造型,29.0-82.0,29.0,82.0,2021-04-28 14:39:38,保湿|定型|留香|蓬松啫喱水|气雾剂
642161794058,NONIO,口腔护理,牙膏,41.0-82.0,41.0,82.0,2023-01-09 18:10:47,去异味|防蛀清新口气口腔香氛|柑橘调
642272412121,力士,洗护,洗浴产品,20.0-103.0,20.0,103.0,2022-04-21 13:50:42,嫩肤|滋润|留香|补水身体清洁|香氛
643277766734,妖制,美妆工具,化妆辅助类工具,17.0-40.0,17.0,40.0,2022-12-05 14:26:15,干湿两用|气垫
645131563711,至本,护肤,唇部护理,43.0-46.0,43.0,46.0,2021-06-11 14:29:02,保湿|打底|润唇|淡唇纹成分浓度宣称
652406855464,潘婷,洗护,洗发护发,41.0-143.0,41.0,143.0,2022-04-21 13:55:27,修护|柔顺改善干枯头发洗护
652713747634,芳芯,洗护,私密清洁,41.0,41.0,41.0,2021-09-27 13:50:59,抑菌|止痒|清洁便携|敏感肌
653761643143,六神,洗护,洗浴产品,61.0-122.0,61.0,122.0,2021-12-31 13:55:15,保湿|去痘|滋润|留香|舒缓健肤|痘痘肌|秋冬|身体清洁|香氛
656485992578,绽家,洗涤,衣物清洁护理,81.0-122.0,81.0,122.0,2021-12-15 17:59:08,抑菌|留香香氛
659326628244,弥玥泉,护肤,面部护理,37.0-134.0,37.0,134.0,2021-12-31 09:02:48,保湿|清爽|舒缓|补水气雾剂|水乳|温泉|空姐喷雾
665667632146,蜜糖小姐,彩妆,指（趾）甲彩妆,13.0-73.0,13.0,73.0,2022-01-27 14:09:01,加固封层|钢化
666755837332,尔木萄,美妆工具,化妆辅助类工具,21.0,21.0,21.0,2022-06-15 14:34:24,干湿两用|气垫
668883733043,芝芙莲,洗涤,衣物清洁护理,39.0-94.0,39.0,94.0,2022-04-24 17:18:15,抑菌|清洁
669013013987,半亩花田,洗护,洗浴产品,51.0-153.0,51.0,153.0,2022-03-08 15:40:19,保湿|清洁|留香花瓣沐浴露|身体清洁|香氛|香水沐浴露
672916205737,海龟爸爸,护肤,面部清洁,97.0-280.0,97.0,280.0,2022-04-27 15:34:59,控油青少年|青春期
673181547214,立白,洗涤,衣物清洁护理,204.0,204.0,204.0,2023-02-21 14:54:02,抑菌|柔顺|清洁|留香去污香氛
673731906752,洁美芬,洗涤,家清,25.0,25.0,25.0,2022-05-07 10:07:06,杀菌|消毒|漂白喷雾型洗涤剂
673967557108,珀莱雅,护肤,面部护理,10.0,10.0,10.0,2022-05-11 15:19:42,修护|抗衰|舒缓抗皱小样
674505536366,FAN BEAUTY DIARY,护肤,面部护理,10.0,10.0,10.0,2022-06-14 14:05:24,保湿|修护|舒缓发酵|发酵面膜|菌菇类成分|龙血
675139315060,花西子,彩妆,定妆,201.0,201.0,201.0,2022-05-25 23:59:59,定妆|持妆空气感|空气蜜粉|轻雾
676621122715,雅漾,护肤,面部护理,46.0,46.0,46.0,2022-07-13 14:38:56,保湿|清爽|舒缓|补水保湿喷雾|气雾剂|水乳
677621782299,柳丝木,护肤,面部清洁,61.0-153.0,61.0,153.0,2022-07-27 15:15:05,清洁|滋养|舒缓卸妆三合一|以油养肤|养肤|多合一|敏感肌|眼唇脸三合一
678032972004,立白,洗涤,衣物清洁护理,29.0-72.0,29.0,72.0,2022-08-24 14:05:22,留香香氛
680345060720,小奥汀,彩妆,面部修饰,50.0-141.0,50.0,141.0,2022-08-23 15:33:11,修容|提亮肤色液体修容|液体彩妆|遮泪沟|雾光
682961394580,趣净,洗护,婴童洗护,12.0-138.0,12.0,138.0,2022-11-15 16:17:16,抑菌|清洁|清爽温和|身体清洁
683400753574,优斐斯,护肤,面部护理,20.0-129.0,20.0,129.0,2023-10-11 13:12:56,保湿|修护|舒缓成分浓度宣称|湿敷|色沉|高浓度
683522148905,立白,洗涤,衣物清洁护理,57.0-163.0,57.0,163.0,2022-09-21 11:07:18,杀菌|清洁|除螨去污
687080228790,修丽可,护肤,防晒及晒后护理,10.0,10.0,10.0,2022-10-18 18:36:55,美白|防晒体验装|光防护|精华防晒
687607638878,舒肤佳,洗护,香皂,12.0-84.0,12.0,84.0,2022-11-03 18:38:28,清洁排浊乌木|玫瑰花香|身体清洁|香氛
690298019057,古迪,美妆工具,化妆辅助类工具,12.0-45.0,12.0,45.0,2022-12-02 20:19:43,安全|新手
692190373144,蜜糖小姐,彩妆,指（趾）甲彩妆,18.0-40.0,18.0,40.0,2022-12-03 15:12:11,显白裸色
692944720276,海飞丝,洗护,洗发护发,47.0-143.0,47.0,143.0,2023-01-09 15:31:51,去屑|控油|止痒|舒缓|蓬松头发洗护
693070478706,白惜,口腔护理,牙膏,55.0-201.0,55.0,201.0,2022-11-29 16:17:50,去异味|清洁|清洁牙齿|留香|美白去牙渍|清新口气低氟|氨基酸
699111715863,丝塔芙,护肤,身体护理,109.0-402.0,109.0,402.0,2023-02-03 11:12:09,保湿|修护|滋养敏感肌
704997133590,冷酸灵,口腔护理,牙膏,62.0,62.0,62.0,2023-03-08 11:25:28,去异味|抗敏|清洁抗敏感|清新口气
707514089973,妇炎洁,洗护,私密清洁,40.0-100.0,40.0,100.0,2023-03-14 18:41:31,保湿|抑菌|清洁|滋润|留香|舒缓慕斯
713936789417,USMILE,口腔护理,牙膏,30.0-109.0,30.0,109.0,2023-04-25 14:32:43,去异味|抑菌|抗敏|清洁|清洁牙齿|牙龈护理|美白去烟渍|去牙渍|抗敏感|清新口气含氟
717602767979,依香皙,洗护,手足清洁,5.0-87.0,5.0,87.0,2023-06-08 10:42:22,保湿|抑菌|杀菌|消毒|清洁|留香学生|瓶装|身体清洁
718811858405,尔木萄,美妆工具,化妆修饰类工具,18.0-60.0,18.0,60.0,2023-05-24 11:40:41,中性皮肤|肿眼泡
721464121014,妇炎洁,洗护,私密清洁,38.9,38.9,38.9,2023-07-20 14:04:42,保湿|抑菌|止痒|滋润
726612992610,韩束,护肤,面部护理,126.0-203.0,126.0,203.0,2023-07-12 18:53:25,保湿|修护|抗衰|滋养|滋润|舒缓|补水抗皱|紧致新年限定|秋冬
728158551229,花洛莉亚,彩妆,眼部彩妆,29.0,29.0,29.0,2023-07-12 15:41:23,持妆|显色|立体|防晕染|防水刀锋|双头|双头眉笔|野生眉
733234421703,维特丝,洗护,洗发护发,29.0-87.0,29.0,87.0,2023-08-30 12:06:53,修护|柔顺|滋养|滋润|留香|补水抚平毛躁|染烫受损护理|水润头发洗护|精油洗护|香氛
733775713829,小奥汀,彩妆,眼部彩妆,49.0-99.0,49.0,99.0,2023-08-22 12:12:47,防晕染|防水双头|极细
734107972536,半亩花田,护肤,面部清洁,40.0-80.0,40.0,80.0,2023-10-26 18:03:53,控油|清洁|补水深层清洁慕斯|敏感肌
735470709421,潘婷,洗护,洗发护发,42.0-111.0,42.0,111.0,2023-09-18 15:19:36,保湿|修护|柔顺|滋养|补水受损修护|头发洗护
737295425116,橘朵,彩妆,唇部彩妆,72.0,72.0,72.0,2023-09-12 17:39:28,保湿|防沾杯哑光|唇粉霜
742249462526,HYUNDAI,美容仪器,头部美容仪,216.0-237.0,216.0,237.0,2023-11-09 17:22:44,nan
742571388148,芬浓,洗护,洗发护发,29.0-10254.0,29.0,10254.0,2023-11-09 16:55:20,修护|柔顺|止痒|清洁|留香|蓬松抚平毛躁|改善头痒头发洗护|美容液发膜
746349322729,珂拉琪,彩妆,眼部彩妆,103.0,103.0,103.0,2023-12-12 00:00:00,防水李佳琦推荐
747657203029,敷尔佳,护肤,医疗器械类,20.0,20.0,20.0,2023-12-05 18:53:39,修护修护受损肌肤二类医疗器械
747737287988,迪奥,彩妆,彩妆套装,20.0,20.0,20.0,2023-11-21 11:50:19,芳香
752722523495,质润,洗护,洗发护发,99.0-344.0,99.0,344.0,2023-12-14 11:34:05,去屑|控油|止痒|清洁|蓬松深层清洁头发洗护
760766915227,儒意,护肤,T区护理,36.0-68.0,36.0,68.0,2024-01-18 14:25:01,去痘|去黑头|控油|收缩毛孔|清洁深层清洁
770884691918,徽歌,洗护,洗护套装,70.0-122.0,70.0,122.0,2024-03-12 14:41:19,去屑|控油|止痒|留香|蓬松改善头痒头发洗护|法式香氛|香氛
775059292976,悠珂思,彩妆,眼部彩妆,30.0-61.0,30.0,61.0,2024-03-25 14:13:00,防晕染|防水刀锋|印章眼线|双头|极细|点痣笔
781120253113,雕牌,洗涤,衣物清洁护理,3.0-37.0,3.0,37.0,2024-08-08 11:22:44,杀菌|清洁去污家庭装|香氛
787276415929,三资堂,彩妆,眼部彩妆,51.0-115.0,51.0,115.0,2024-08-01 14:31:45,卷翘|定型|打底|纤长|防晕染|防水
805785768504,简初,彩妆,面部底妆,61.0-81.0,61.0,81.0,2024-06-19 19:20:55,遮瑕|防水亲肤|化妆师专用|纯净美妆品牌|遮斑点|黑眼圈
809117365085,上海药皂,洗护,香皂,3.0-22.0,3.0,22.0,2024-07-01 13:58:01,抑菌|清洁|除螨硫磺皂|身体清洁
816492006446,植村秀,彩妆,面部底妆,10.0,10.0,10.0,2024-07-30 11:16:23,滋养干性皮肤|精华粉底液
12623904311,白猫,洗涤,家清,17.0,17.0,17.0,2019-12-16 17:01:29,柠檬香|香氛
16000003970,春娟,护肤,面部护理,63.0-196.0,63.0,196.0,2020-09-28 10:46:09,保湿|滋润|补水
16818781169,芙丽芳丝,护肤,面部清洁,122.0-123.0,122.0,123.0,2019-09-27 16:47:02,去痘|控油|滋润痘痘肌
17904564640,蓝月亮,洗涤,家清,20.0-41.0,20.0,41.0,2019-12-16 17:01:55,杀菌|消毒多用
20366168834,舒适达,口腔护理,牙膏,53.0-140.0,53.0,140.0,2019-08-07 10:27:22,修护|去异味|固齿|抗敏|清洁|防蛀抗敏感|清新口气含氟
527618811623,欧莱雅男士,护肤,面部清洁,44.0-108.0,44.0,108.0,2019-06-27 20:31:55,去黑头|控油|清洁|清爽清洁毛孔男士专用
531602220042,贝德玛,护肤,面部清洁,309.0,309.0,309.0,2019-06-27 20:48:50,清洁卸妆三合一|多合一|敏感肌|眼唇脸三合一
539339147058,自然堂,护肤,面部护理,63.0-119.0,63.0,119.0,2019-09-27 17:38:55,保湿|收缩毛孔|补水学生|敏感肌|植物
558903915198,澳宝,洗护,洗浴产品,49.0-57.0,49.0,57.0,2019-09-29 15:26:20,保湿|清洁|滋润|留香|补水家庭装|身体清洁|香氛
561678096100,齿力佳,口腔护理,牙膏,80.0-160.0,80.0,160.0,2019-08-07 12:54:25,美白口腔香氛|柑橘调|氨基酸
576644195365,欧莱雅,护肤,面部护理,117.0-637.0,117.0,637.0,2019-06-28 10:06:56,保湿|修护|抗衰|舒缓|补水抗皱|紧致多合一|多效|安瓶|安瓶面膜|水光|脸部泛红
583626671137,宣若,洗护,美发造型,76.0,76.0,76.0,2019-06-28 10:13:15,染发植物|植萃
586711177977,至本,护肤,面部护理,86.0-91.0,86.0,91.0,2019-09-29 17:48:57,保湿|修护|抗衰|控油|清爽|滋润|舒缓|补水抗氧化|水润|紧致敏感肌|水乳
589262335068,欧莱雅,护肤,防晒及晒后护理,193.0-344.0,193.0,344.0,2019-06-28 10:24:05,清爽|防晒|隔离光防护|多重防护
589371456351,3CE,彩妆,眼部彩妆,250.0,250.0,250.0,2019-06-28 10:24:14,九色|亮片|哑光|大地色|限定
598181988781,贝德美,护肤,婴童护肤,60.0-70.0,60.0,70.0,2019-08-07 14:20:16,保湿|滋润|补水多合一|多效|婴幼产品|宝宝霜
601134351955,润本,护肤,婴童护肤,57.0-127.0,57.0,127.0,2019-09-29 10:57:56,保湿|滋润婴幼产品|秋冬
603831350950,李施德林,口腔护理,漱口水,51.0-103.0,51.0,103.0,2020-04-29 19:01:23,去异味清新口气口腔香氛|蜜桃香
606301434604,柏瑞美,彩妆,定妆,25.0,25.0,25.0,2019-11-01 12:02:11,保湿|定妆|持妆|控油便携
609588171364,彩棠,彩妆,面部修饰,220.0-382.0,220.0,382.0,2019-12-19 17:49:08,修容|提亮肤色|立体|轮廓修饰三色|膨胀色|限定
616917884552,大宝,护肤,面部护理,40.0-408.0,40.0,408.0,2020-07-30 16:16:35,保湿|滋润|补水SOD蜜|水乳
618621335398,瑶辰,洗护,手足清洁,50.0-191.0,50.0,191.0,2022-04-20 15:50:45,去角质身体清洁
619029127881,谷雨,护肤,面部清洁,100.0-200.0,100.0,200.0,2020-05-20 18:26:41,保湿|清洁|清爽深层清洁干性皮肤|油性皮肤|温和
620687570293,花洛莉亚,彩妆,眼部彩妆,28.0-30.0,28.0,30.0,2020-07-02 10:14:41,防晕染|防水学生|彩色眼线|新手
623623201386,英氏,护肤,婴童护肤,111.0-255.0,111.0,255.0,2020-09-03 15:31:24,保湿|强韧|滋润|舒缓|防裂防干裂婴幼产品|秋冬|菌菇类成分|高保湿
628544015052,韩方五谷,洗护,美发造型,27.0-73.0,27.0,73.0,2020-09-28 11:14:29,保湿|定型|蓬松
632491135178,3CE,彩妆,唇部彩妆,156.0,156.0,156.0,2020-12-23 13:52:27,显白丝绒|哑光|绒感|透明
637239347249,澳宝,洗护,洗浴产品,35.0,35.0,35.0,2021-01-27 15:37:50,保湿|清洁|留香|补水木质调|檀香|百合花香|花香调|身体清洁|香氛|香水沐浴露
638410653835,尔木萄,彩妆,眼部彩妆,12.0,12.0,12.0,2021-03-02 17:52:13,持妆|防水不易晕染|彩色眼线|新手|极细
638749486915,宝诗曼,彩妆,指（趾）甲彩妆,11.0-788.0,11.0,788.0,2023-08-07 16:59:37,加固封层
639040890564,KATO-KATO,彩妆,定妆,59.0-162.0,59.0,162.0,2021-04-07 15:11:19,定妆|持妆|控油|遮瑕|隐形毛孔油性皮肤|裸色
642522280447,芙丽芳丝,护肤,面部清洁,115.0-251.0,115.0,251.0,2021-05-24 12:00:58,保湿|修护|清洁|舒缓卸妆以油养肤|精华卸妆
651004891292,多芬,洗护,洗发护发,51.0-88.0,51.0,88.0,2021-07-23 12:39:34,修护|柔顺受损修护|头发洗护
654400167322,半亩花田,护肤,身体护理,81.0-163.0,81.0,163.0,2021-09-08 14:31:49,保湿|修护|滋润|留香|舒缓水润秋冬|香氛
655960364441,好爸爸,洗涤,衣物清洁护理,36.0-72.0,36.0,72.0,2021-10-13 11:16:17,抑菌|杀菌
655991663936,好来,口腔护理,儿童口腔护理,40.0-81.0,40.0,81.0,2021-10-31 07:23:37,固齿|防蛀口腔香氛|含氟|按压式|换牙期
656364057206,GIRLCULT,彩妆,唇部彩妆,101.0,101.0,101.0,2021-10-26 17:42:03,显色丝绒|哑光|唇霜|绒感|绒雾|雾面
656445197652,立白,洗涤,衣物清洁护理,40.0-176.0,40.0,176.0,2021-10-26 17:51:56,抑菌|杀菌
658889361719,高丝,护肤,面部清洁,42.0-86.0,42.0,86.0,2021-12-15 17:59:08,清洁|清爽卸妆|深层清洁以油养肤|温和
667038097463,圣罗兰,彩妆,面部底妆,460.0-1172.0,460.0,1172.0,2022-02-07 19:00:41,遮瑕气垫|轻薄
668412640390,润丝丹,洗护,美发造型,81.0-91.0,81.0,91.0,2022-03-01 13:53:06,染发在家染发|无刺激|植物|黑茶色
672432485837,糖果小姐,彩妆,指（趾）甲彩妆,44.0,44.0,44.0,2022-04-27 15:28:57,免烤|快干|显白免烤|可撕拉|秋冬
677556436996,润培,护肤,手足护理,10.0-11.0,10.0,11.0,2022-07-13 18:48:26,保湿|补水便携|植物|香氛|馥奇调
678372966344,百雀羚,护肤,面部护理,109.0-218.0,109.0,218.0,2022-10-12 11:02:58,保湿|补水草本
681105657513,薇诺娜宝贝,护肤,婴童护肤,30.0-69.0,30.0,69.0,2022-09-06 15:00:46,保湿|润唇|滋润婴幼产品
681540276005,舒肤佳,洗护,香皂,25.0-63.0,25.0,63.0,2022-10-11 19:52:15,清洁|留香家庭装|身体清洁
682051723868,舒肤佳,洗护,洗浴产品,61.0-166.0,61.0,166.0,2022-09-21 13:37:49,清洁|留香乌木|木质调|身体清洁|雪松香|香氛
683372448046,尔木萄,美妆工具,化妆辅助类工具,19.0-59.0,19.0,59.0,2023-09-12 17:03:09,拇指粉扑|气垫
688534156144,毛吉吉,美妆工具,化妆辅助类工具,47.0-60.0,47.0,60.0,2022-12-06 15:47:14,气垫
691470501830,USMILE,美容仪器,口腔美容仪,172.0-416.0,172.0,416.0,2022-11-15 10:51:36,情人节
694067120648,雕牌,洗涤,衣物清洁护理,5.0-85.0,5.0,85.0,2023-03-03 16:01:48,清洁去污透明
698006060965,LA,洗涤,衣物清洁护理,17.0-96.0,17.0,96.0,2023-06-26 11:20:10,抑菌有氧清洁
707374799179,依泉,护肤,唇部护理,51.0-153.0,51.0,153.0,2023-03-29 14:17:34,保湿|润唇|滋润|补水|防裂水润|防干裂秋冬
707403576324,HYUNDAI,美容仪器,头部美容仪,224.0-347.0,224.0,347.0,2023-04-13 11:34:39,三合一|多合一
707566996335,DDG,护肤,面部清洁,57.0-116.0,57.0,116.0,2023-04-13 11:11:26,清洁卸妆以油养肤|敏感肌|易乳化|温和|精准护肤
708960492558,斧头牌,洗涤,家清,30.0-61.0,30.0,61.0,2023-05-15 15:14:01,敏感肌
711208363845,维特丝,洗护,洗浴产品,34.0-91.0,34.0,91.0,2023-05-11 15:00:04,保湿|控油|止痒|清洁|滋润|留香|香体痘痘肌|身体清洁|香氛|香水沐浴露
714216197078,雕牌,洗涤,家清,19.9,19.9,19.9,2023-06-08 14:04:27,无残留
724509280671,科巢,口腔护理,儿童口腔护理,20.0-62.0,20.0,62.0,2023-08-16 12:38:07,防蛀不含氟|婴幼产品
727528842146,芙丽芳丝,护肤,面部清洁,2449.0,2449.0,2449.0,2023-08-16 11:32:59,清洁|补水深层清洁温和
730729798184,FAN BEAUTY DIARY,护肤,面部护理,79.0-403.0,79.0,403.0,2023-08-01 13:04:01,保湿|补水体验装|菌菇类成分
733219093853,GIRLS CRUSH,彩妆,面部底妆,102.0-203.0,102.0,203.0,2023-08-30 12:06:36,提亮肤色|美白|遮瑕水丝绒质地|痘印|痘痘肌|绒感|遮泪沟|黑眼圈
737662499328,水木花草,护肤,精油,47.0-130.0,47.0,130.0,2023-10-09 15:28:59,舒缓植萃
740277323954,潘婷,洗护,洗发护发,94.0,94.0,94.0,2023-10-20 00:00:00,保湿|修护|柔顺抚平毛躁受损修护|头发洗护
757413260236,维特丝,洗护,洗发护发,79.0-131.0,79.0,131.0,2024-01-03 18:46:40,修护|柔顺|补水修护毛躁干枯|抚平毛躁|染烫受损护理免蒸发膜|受损修护|头发洗护|水疗
761708414554,维特丝,洗护,美发造型,37.0-81.0,37.0,81.0,2024-01-25 10:47:22,保湿|定型|柔顺|蓬松弹力固卷
765221707683,贝德美,洗护,洗护套装,70.0-284.0,70.0,284.0,2024-02-04 14:53:59,修护|去屑|控油|止痒|清爽|舒缓|蓬松头发洗护|学生|青少年
766847751892,维特丝,护肤,身体护理,45.0-76.0,45.0,76.0,2024-02-23 06:14:53,保湿|去鸡皮|抗衰|止痒|滋润|留香|补水紧致刷酸|果酸焕肤|香氛
767908565264,格润,口腔护理,儿童口腔护理,182.0,182.0,182.0,2024-03-02 00:00:00,去异味|固齿|清洁|牙周护理|牙龈护理|防蛀清新口气不含氟|含氟|婴幼产品
773473638698,舒客宝贝,口腔护理,儿童口腔护理,20.0-196.0,20.0,196.0,2024-03-22 11:24:09,防蛀换牙期|青少年
775999677143,雅漾,护肤,面部护理,89.0,89.0,89.0,2024-04-18 10:38:09,保湿|清爽|舒缓|补水保湿喷雾|敏感肌|气雾剂|水乳
785377782252,植村秀,护肤,面部清洁,10.0-13.0,10.0,13.0,2024-04-24 14:16:18,保湿|控油|清洁卸妆|深层清洁以油养肤|小样|温和
12294020098,希芸,护肤,面部清洁,20.0-40.0,20.0,40.0,2019-06-27 17:22:46,控油|清洁|清爽深层清洁中性皮肤|学生|油性皮肤|草本
13219305972,郁美净,护肤,婴童护肤,15.0-31.0,15.0,31.0,2019-08-07 10:23:47,保湿|滋润奶霜|婴幼产品|宝宝霜|秋冬
14638135180,章华,洗护,美发造型,103.0-269.0,103.0,269.0,2019-06-27 19:15:43,染发黑茶色
38354487763,LA,洗涤,衣物清洁护理,38.0-76.0,38.0,76.0,2019-12-16 17:09:50,抑菌|杀菌|清洁
39488472991,雅诗兰黛,护肤,眼部护理,580.0-1161.0,580.0,1161.0,2019-06-27 19:27:23,保湿|修护|去黑眼圈|抗衰|滋润|舒缓抗氧化|抗皱|水润熬夜|雅诗兰黛小棕瓶|黑眼圈
40975162876,CHANTE CLAIR,洗涤,家清,29.0-71.0,29.0,71.0,2019-12-16 17:10:30,无残留|温和
521600146513,凡士林,护肤,身体护理,51.0-122.0,51.0,122.0,2019-06-27 20:09:44,保湿|修护|滋润|留香|舒缓|补水水润
536285712789,冷酸灵,口腔护理,牙膏,23.0-71.0,23.0,71.0,2019-08-07 11:45:30,去异味|抗敏|美白抗敏感|清新口气按压式
544505240565,蜂花,洗护,洗发护发,25.0-46.0,25.0,46.0,2019-06-27 21:36:29,修护|柔顺|滋养|滋润改善干枯头发洗护
545260671861,奥妙,洗涤,衣物清洁护理,40.0,40.0,40.0,2019-12-16 17:17:54,抑菌|杀菌|清洁|除螨去污
546700839593,强生美肌,洗护,洗浴产品,39.9-79.8,39.9,79.8,2019-08-07 11:53:28,保湿|滋润|留香水润瓶装|身体清洁|香氛
546713015675,安热沙,护肤,防晒及晒后护理,205.0,205.0,205.0,2019-06-27 21:41:57,抗衰|滋养|防晒|防水抗氧化光防护|小金瓶
548383068698,欧莱雅,洗护,洗发护发,48.0,48.0,48.0,2019-09-29 15:07:29,去屑|柔顺|清洁|清爽|滋养头发洗护|植萃|精油洗护
550080595188,USMILE,美容仪器,口腔美容仪,422.0-894.0,422.0,894.0,2021-05-29 11:44:18,情侣款
558549667243,HANGO,洗护,洗发护发,90.0-600.0,90.0,600.0,2019-06-28 09:42:13,修护|柔顺|补水抚平毛躁受损修护|头发洗护
561876771265,寻荟记,护肤,面部护理,49.0-130.0,49.0,130.0,2019-08-07 12:54:32,保湿|修护|去痘|舒缓|补水晒后修护痘痘肌|速修
564619732077,凡士林,护肤,身体护理,51.0-140.0,51.0,140.0,2019-06-28 09:51:54,保湿|提亮肤色|滋润|美白|香体秋冬
567015266775,兰蔻,护肤,眼部护理,570.0-1141.0,570.0,1141.0,2019-06-28 09:55:22,保湿|修护|抗衰抗氧化|抗皱|淡化细纹|紧致兰蔻小黑瓶|发光|小黑瓶|黑眼圈
571105537574,EVERBAB,美妆工具,化妆辅助类工具,23.0-76.0,23.0,76.0,2023-09-12 17:00:31,nan
571441444782,欧莱雅,护肤,面部护理,358.0-512.0,358.0,512.0,2020-06-11 11:32:07,保湿|修护|抗衰抗皱|淡化细纹|紧致新年限定|浓缩
573915357188,阿姿美尔,彩妆,面部底妆,101.0-337.0,101.0,337.0,2019-06-28 10:03:38,遮瑕男士专用|痘印|痘痘肌|自然色
580376286690,适乐肤,护肤,面部清洁,122.0-171.0,122.0,171.0,2019-06-28 10:10:44,保湿|清洁|舒缓温和
580608613920,适乐肤,护肤,身体护理,107.0-154.0,107.0,154.0,2019-06-28 10:10:53,保湿|修护|滋润|舒缓修护角质层敏感肌
593802939013,艾惟诺,护肤,婴童护肤,102.0-268.0,102.0,268.0,2019-08-07 14:07:38,保湿|滋润|补水婴幼产品|换季
598545771935,高姿,护肤,面部护理,101.0-326.0,101.0,326.0,2019-09-29 13:42:52,保湿|修护|舒缓|补水水光|水库面膜|熬夜|熬夜肌
600445279036,清扬,洗护,洗发护发,51.0-102.0,51.0,102.0,2019-09-29 10:32:14,修护|去屑|控油|止痒|清洁|蓬松去油头发洗护|弱酸
608068592627,卡姿兰,彩妆,面部底妆,118.0-216.0,118.0,216.0,2019-12-12 12:30:13,持妆|控油|提亮肤色|遮瑕
610251972724,奇蔻,彩妆,唇部彩妆,121.0-139.0,121.0,139.0,2020-05-08 14:22:53,持妆|显色|防沾杯双头唇釉|裸色|镜面
610980212137,舒肤佳,洗护,洗浴产品,41.0-123.0,41.0,123.0,2020-02-28 13:49:09,保湿|清洁|滋润家庭装|柑橘调|柠檬香|身体清洁|香氛
627571758655,AARYE,护肤,手足护理,41.0-198.0,41.0,198.0,2020-10-22 15:05:45,保湿|嫩肤|滋润|补水柔嫩柑橘调|植萃|秋冬|精油洗护|香氛
629261512330,毕生之研,护肤,唇部护理,60.0-213.0,60.0,213.0,2020-12-23 13:43:31,保湿|修护|润唇|淡唇纹|滋润唇霜
630877562610,薇诺娜,护肤,护肤套装,38.0-171.0,38.0,171.0,2020-12-02 14:19:35,保湿|修护|滋润水润干性皮肤|敏感肌
633811728205,郁美净,护肤,婴童护肤,7.0-52.0,7.0,52.0,2020-12-23 13:56:54,滋润|舒缓冬季|婴幼产品|秋冬
638108516518,好来,口腔护理,牙膏,19.0-57.0,19.0,57.0,2021-05-18 15:16:32,清洁牙齿去牙渍新品
638125958371,立白,洗涤,衣物清洁护理,30.0-215.0,30.0,215.0,2021-03-25 14:31:39,抑菌|杀菌
638281143270,贝德美,洗护,婴童洗护,30.0-153.0,30.0,153.0,2021-03-02 17:30:37,柔顺|滋养中大童|头发洗护|婴幼产品|青少年
642070346712,健美创研,护肤,面部清洁,10.0-33.0,10.0,33.0,2021-04-28 14:39:14,清洁卸妆|深层清洁三合一|多合一|植萃|温和|眼唇脸三合一
644104825041,蓝月亮,洗涤,衣物清洁护理,50.0-111.0,50.0,111.0,2021-05-24 12:39:45,学生
646243943454,好来,口腔护理,漱口水,41.0,41.0,41.0,2022-07-13 12:03:52,去异味|牙龈护理健龈|清新口气温和
649044507023,古迪,美妆工具,化妆辅助类工具,8.0-30.0,8.0,30.0,2021-08-12 14:33:23,刀锋|平头|斜角
649287216634,梵香思,香氛,家居香氛,81.0,81.0,81.0,2021-09-04 10:22:00,熏香|舒缓|除味|清新空气卧室|卫生间|室内|无火香薰|酒店
654101908243,芭贝拉,彩妆,眼部彩妆,30.0-1021.0,30.0,1021.0,2021-10-15 17:32:46,防晕染|防水新手|极细|棕色
657450039727,唯资,彩妆,眼部彩妆,19.0-59.0,19.0,59.0,2021-10-30 10:24:20,防晕染|防水二合一|墨绿色|多合一|彩色眼线|新手|极细
657515505737,EHD,洗护,洗发护发,131.0-287.0,131.0,287.0,2022-06-01 15:26:32,去屑|固发|控油|蓬松|防断发|防脱头发洗护|微生态
664794245461,舒蕾,洗护,洗发护发,40.0-80.0,40.0,80.0,2022-05-10 14:42:19,修护|柔顺|滋润改善干枯|水润受损修护|头发洗护
665262178114,OLAY,护肤,护肤套装,491.0-933.0,491.0,933.0,2022-01-17 16:18:41,保湿|修护|抗衰|祛斑|美白|舒缓抗氧化|紧致新年限定|水感|超抗
668050013072,可复美,护肤,医疗器械类,19.9,19.9,19.9,2022-03-01 11:08:10,修护二类医疗器械
668403180662,奇士美,彩妆,眼部彩妆,68.0-74.0,68.0,74.0,2022-02-26 00:00:00,持妆|显色|防晕染|防水不易晕染|细滑
668799527542,达肤妍,护肤,面部护理,132.0-319.0,132.0,319.0,2022-05-10 14:29:04,保湿|修护|舒缓|补水舒敏精简配方
669066273405,佩冉,彩妆,眼部彩妆,46.0-1036.0,46.0,1036.0,2022-04-08 10:00:00,卷翘|定型|打底|纤长|防晕染|防水
670784812291,妇炎洁,洗护,私密清洁,50.0-142.0,50.0,142.0,2022-03-31 13:56:35,抑菌|止痒|清洁|清爽男士专用
670960887570,雪玲妃,护肤,面部清洁,92.0-245.0,92.0,245.0,2022-03-23 16:08:34,保湿|控油|清洁卸妆|深层清洁二合一|多合一|温和
673983071928,恋火,彩妆,面部底妆,171.0-369.0,171.0,369.0,2022-04-27 15:57:21,持妆|控油|遮瑕柔焦|油性皮肤|磨皮
674784056519,MTS DERMAROLLER,美容仪器,面部美容仪,2.0-3.0,2.0,3.0,2023-09-04 10:37:26,纳米
677618835661,KINBATA,洗涤,衣物清洁护理,40.0-122.0,40.0,122.0,2022-07-27 15:41:16,抑菌|防串色
677658831282,佳洁士,口腔护理,牙膏,26.0-82.0,26.0,82.0,2022-08-10 14:27:32,去异味|美白清新口气|美白牙齿
678036456918,可复美,护肤,面部护理,36.0,36.0,36.0,2022-07-20 14:30:29,保湿|修护|嫩肤|清爽|舒缓|补水柔嫩|舒敏水乳|秋冬
679712747006,悦哺,护肤,婴童护肤,69.0-159.0,69.0,159.0,2022-08-24 14:01:31,舒缓婴幼产品|红屁屁
680483637921,儒意,洗护,洗发护发,49.0-141.0,49.0,141.0,2022-09-15 10:52:54,修护|去屑|固发|强韧|控油|止痒|清洁|蓬松|防断发|防脱头发洗护
680908380710,GUOXIAONIU,美妆工具,化妆辅助类工具,10.0-40.0,10.0,40.0,2022-09-21 11:56:07,动物毛|斜头|斜角
683983144682,恋火,彩妆,面部底妆,244.0-515.0,244.0,515.0,2022-09-27 11:20:07,保湿|持妆|控油|遮瑕|防晒干性皮肤|气垫|油性皮肤
687144333099,FAN BEAUTY DIARY,护肤,面部护理,10.0,10.0,10.0,2023-06-27 13:41:30,保湿以油养肤|油敷|油面膜
687553089356,立白,洗涤,衣物清洁护理,13.0-107.0,13.0,107.0,2022-12-16 11:52:17,彩漂|清洁|留香|锁色香氛
694423937381,植护,洗涤,衣物清洁护理,20.0-80.0,20.0,80.0,2022-12-14 11:40:56,杀菌|除螨
700424632053,逐本,护肤,面部清洁,67.0-144.0,67.0,144.0,2023-03-01 15:17:52,修护|清洁|滋养卸妆养卸合一|新品|植萃
701771791477,蔬果园,洗涤,家清,41.0-82.0,41.0,82.0,2023-04-06 15:24:04,清洁
714973499723,赛逸,洗护,洗发护发,64.0-136.0,64.0,136.0,2023-09-20 14:24:36,去屑|控油|蓬松头发洗护
718674868801,迪奥,彩妆,彩妆套装,20.0,20.0,20.0,2023-08-22 11:23:42,持妆
719125522761,珂拉琪,彩妆,唇部彩妆,61.0,61.0,61.0,2023-06-19 00:00:00,提升气色丝绒|哑光|空气唇釉|空气感|绒感|绒雾|雾面
728973671437,美宝莲,彩妆,眼部彩妆,89.0-179.0,89.0,179.0,2023-07-25 17:50:45,卷翘|持妆|纤长|防水新年限定
733272127415,绽家,洗涤,衣物清洁护理,40.0,40.0,40.0,2024-01-30 14:24:43,抑菌|留香植萃|香氛
733854502179,奕沃,护肤,面部护理,99.0-221.0,99.0,221.0,2023-08-22 12:15:54,保湿|抗衰|补水抗皱|紧致敏感肌|水光
735116220520,完美日记,彩妆,唇部彩妆,166.0-332.0,166.0,332.0,2023-09-12 16:45:59,保湿|提升气色|显色仿生膜|情人节|裸色
737930210047,健美创研,护肤,唇部护理,7.0-20.0,7.0,20.0,2023-09-12 16:05:01,保湿|去角质|润唇|淡唇纹|滋润|补水|防裂防干裂
738518033876,欧莱雅,洗护,洗发护发,16.0-206.0,16.0,206.0,2023-10-25 11:16:25,修护|柔顺|滋养头发洗护|精油洗护
740910208217,ORGINESE,护肤,面部护理,61.0-92.0,61.0,92.0,2023-10-18 15:45:46,保湿|控油|提亮肤色|收缩毛孔|清爽|滋润|美白|舒缓|补水平衡水油|水润|祛黄发光|水乳|湿敷|焕肤|精华水|精粹水
742817071549,理肤泉,护肤,面部护理,378.0-526.0,378.0,526.0,2023-10-20 00:00:00,保湿|修护|舒缓|补水李佳琦推荐
746945792810,敷尔佳,护肤,医疗器械类,51.0,51.0,51.0,2023-11-13 12:03:30,修护修护敏感二类医疗器械
750400946303,木柯诗,彩妆,多功能彩妆,60.0-133.0,60.0,133.0,2024-07-10 10:26:15,修容|轮廓修饰一体盘|化妆师专用
752440558012,心愿先生,美妆工具,化妆修饰类工具,27.0-102.0,27.0,102.0,2023-12-13 17:33:28,免胶|懒人
753566769292,维特丝,洗护,洗护套装,60.0-120.0,60.0,120.0,2023-12-19 14:20:06,去屑|控油|止痒|清洁|留香|蓬松深层清洁头发洗护|香氛
754911093282,儒意,洗护,手足清洁,49.0-140.0,49.0,140.0,2024-08-01 10:42:04,去角质草本|身体清洁
763028196657,白云山,洗护,洗发护发,40.0-132.0,40.0,132.0,2024-01-22 15:43:21,去屑|控油|柔顺|止痒|清洁|蓬松改善头痒头发洗护
765750470409,理然,洗护,美发造型,72.0-237.0,72.0,237.0,2024-02-23 02:43:55,定型|蓬松蓬蓬水
768934450390,儒意,护肤,面部护理,70.0-276.0,70.0,276.0,2024-03-13 14:28:43,抗衰|提亮肤色|补水抗初老|抗皱|改善黯沉|紧致去暗沉|双抗|精华面膜
771633143404,漫野,彩妆,面部底妆,51.0,51.0,51.0,2024-03-12 15:24:56,提亮肤色|遮瑕遮泪沟|黑眼圈
795992732827,JOHN JEFF,洗护,洗发护发,39.0-70.0,39.0,70.0,2024-06-04 18:12:00,去屑|去异味|控油|舒缓|蓬松头发洗护|油性发质|温和
800826789894,BH,彩妆,面部底妆,13.0-70.0,13.0,70.0,2024-06-14 11:41:45,修容|提亮肤色|遮瑕痘印|痘痘肌|遮泪沟|黑眼圈
803770036426,海飞丝,洗护,洗发护发,36.0-145.0,36.0,145.0,2024-07-25 15:11:20,去屑|控油|柔顺|止痒|清洁|清爽头发洗护
806011248894,舒肤佳,洗护,香皂,31.0,31.0,31.0,2024-06-15 00:00:00,杀菌|清洁|除螨家庭装|身体清洁|除螨皂
19583852618,青蛙王子,护肤,婴童护肤,29.0-102.0,29.0,102.0,2019-08-07 10:26:50,保湿|滋润|舒缓|补水水润婴幼产品|宝宝霜|换季
24723116941,自然堂,护肤,面部护理,188.0,188.0,188.0,2019-08-07 10:28:19,保湿|修护|抗衰抗皱|紧致敏感肌
26742396413,飘柔,洗护,洗发护发,36.0-109.0,36.0,109.0,2019-06-27 17:54:51,去屑|控油|柔顺|清洁|清爽|蓬松去油兰花香|头发洗护|家庭装|花香调|香氛
26792032874,云南白药,口腔护理,牙膏,25.0-76.0,25.0,76.0,2019-08-07 10:28:42,去异味|清洁|牙龈护理健龈|清新口气
41466077765,欧莱雅,护肤,护肤套装,363.0-946.0,363.0,946.0,2019-06-27 19:34:24,保湿|修护|抗衰抗皱|紧致新年限定
41747173786,大宝,护肤,面部护理,16.0-31.0,16.0,31.0,2019-06-27 19:35:39,保湿|清爽|补水水乳
520020854160,蓝月亮,洗涤,衣物清洁护理,41.0,41.0,41.0,2019-12-16 17:11:49,清洁去污喷雾型洗涤剂
521267837407,标婷,护肤,面部护理,20.0-49.0,20.0,49.0,2019-06-27 20:08:22,保湿水乳
521992685477,超能,洗涤,衣物清洁护理,89.0,89.0,89.0,2019-12-16 17:12:17,彩漂|清洁|锁色低泡|温和
524622452917,雅漾,护肤,面部护理,29.0-91.0,29.0,91.0,2019-09-27 17:22:17,保湿|清爽|舒缓|补水便携|保湿喷雾|旅行装|气雾剂|水乳
530806521092,好来,口腔护理,牙膏,16.0,16.0,16.0,2019-08-07 11:43:11,去异味|牙龈护理健龈|清新口气口腔香氛
537140825702,理肤泉,护肤,面部护理,119.0-239.0,119.0,239.0,2019-06-27 21:08:26,保湿|修护|舒缓修护角质层抗应激|换季|脸部泛红
539413113746,卡姿兰,彩妆,面部底妆,117.0-288.0,117.0,288.0,2019-08-07 11:47:10,保湿|打底|提亮肤色三合一|多合一|学生|懒人|秋冬|裸妆
556555455731,十月结晶,洗涤,衣物清洁护理,42.0-125.0,42.0,125.0,2019-12-16 17:21:12,婴幼产品|新生儿适用|母婴
560907135330,花西子,彩妆,定妆,129.0-472.0,129.0,472.0,2019-06-28 09:48:22,定妆|持妆气垫|气垫蜜粉|养肤
567088560216,戈雅,彩妆,指（趾）甲彩妆,10.0-601.0,10.0,601.0,2019-06-28 09:55:28,亮片|奶白色|焦糖色
567635075004,协和,护肤,身体护理,20.0-50.0,20.0,50.0,2019-06-28 09:56:03,保湿|滋养|滋润|舒缓|补水
572905929935,谷雨,护肤,护肤套装,463.0-845.0,463.0,845.0,2019-06-28 10:02:49,保湿|修护|抗衰|提亮肤色|祛斑|美白|补水抗氧化光感|水乳
580552745970,SK-II,护肤,护肤套装,769.0,769.0,769.0,2019-10-21 03:14:58,修护|抗衰抗皱|紧致SK-II神仙水|微生态|神仙水|精华露
581990918204,清可新,洗涤,衣物清洁护理,102.0-205.0,102.0,205.0,2020-01-10 17:16:36,杀菌|锁色|除螨
583373729309,创福康,护肤,医疗器械类,116.0-933.0,116.0,933.0,2019-08-07 13:50:11,修护|舒缓修护角质层二类医疗器械|冷敷|械字号
584528222893,妮维雅,护肤,身体护理,54.0-107.0,54.0,107.0,2019-06-28 10:15:20,保湿|滋润|美白
586658505949,花西子,护肤,面部清洁,69.0-137.0,69.0,137.0,2019-06-28 10:17:40,清洁卸妆三合一|多合一|旅行装|独立包装|眼唇脸三合一
586998523965,至本,护肤,面部清洁,53.0-222.0,53.0,222.0,2019-06-28 10:18:26,保湿|修护|清洁|清爽卸妆敏感肌|易乳化|温和
592222070939,悠宜,彩妆,眼部彩妆,39.0,39.0,39.0,2019-06-28 10:31:12,防水不易晕染|学生|彩色眼线|新手|棕色
596448867453,芙清,护肤,医疗器械类,72.0,72.0,72.0,2019-09-29 19:35:44,修护二类医疗器械|痘印|痘痘肌
597366166881,舒肤佳,洗护,婴童洗护,51.0-103.0,51.0,103.0,2019-09-29 20:27:47,保湿|清洁头发洗护|温和|瓶装|身体清洁|香草
606622160898,CANMAKE,彩妆,眼部彩妆,33.0-55.0,33.0,55.0,2020-01-10 17:49:40,防晕染|防水新手|极细|棕色
609038731962,且初,护肤,面部清洁,105.0-199.0,105.0,199.0,2020-01-10 18:10:03,清洁卸妆以油养肤|土豆泥
613257908728,LA,洗涤,衣物清洁护理,43.0-219.0,43.0,219.0,2020-03-26 13:08:58,杀菌|清洁|除螨
613887015866,威露士,洗涤,家清,59.0-178.0,59.0,178.0,2020-04-22 16:51:40,杀菌|消毒|除螨多用
614109861539,纽强,护肤,婴童护肤,255.0-510.0,255.0,510.0,2020-08-13 12:44:00,保湿|滋润|防裂水润|防干裂婴幼产品|秋冬
615288880774,戴可思,洗护,婴童洗护,35.0-66.0,35.0,66.0,2020-12-16 11:55:50,婴幼产品|小花泡沫|植物|温和|身体清洁
620444259640,EVERBAB,美妆工具,化妆辅助类工具,28.0-41.0,28.0,41.0,2023-09-12 17:00:51,棉花糖气垫|气垫
623440378916,蘭,护肤,面部护理,232.0-476.0,232.0,476.0,2020-10-21 17:56:18,保湿|修护|抗衰|滋养抗皱|紧致以油养肤|精华油|精粹油|纯净美妆品牌
625043250711,ROZO,彩妆,眼部彩妆,26.0,26.0,26.0,2020-08-13 12:20:06,持妆|锁色|防水极细|野生眉
629032612856,尔木萄,彩妆,眼部彩妆,11.0,11.0,11.0,2020-12-23 13:39:52,持妆|防水不易晕染|极细
629180417449,儿初宝,护肤,婴童护肤,111.0-215.0,111.0,215.0,2020-11-11 13:43:07,婴幼产品|抚触油|秋冬
633287394121,珀莱雅,护肤,护肤套装,492.0-815.0,492.0,815.0,2020-12-23 13:54:35,保湿|抗衰|补水抗皱|淡化细纹|紧致新年限定|水乳
635845940835,强生婴儿,护肤,婴童护肤,36.0-103.0,36.0,103.0,2021-03-10 15:06:06,保湿婴幼产品|新生儿适用
636327362617,奕沃,护肤,面部护理,82.0-229.0,82.0,229.0,2021-03-10 14:45:32,保湿|去黑头|控油|清洁|滋润水润多合一|多效|抛光面膜|涂抹式
636499715986,HBN,护肤,眼部护理,336.0-661.0,336.0,661.0,2021-01-20 10:22:17,保湿|修护|抗衰|提亮肤色抗皱|提亮眼周|淡化细纹|紧致冰美式
640822296285,金纺,洗涤,衣物清洁护理,47.0,47.0,47.0,2021-05-18 15:18:43,柔顺|留香|防静电温和|香氛
640938279727,素之然,美妆工具,化妆修饰类工具,31.0-1034.0,31.0,1034.0,2022-06-01 15:33:35,nan
641501141529,卡姿兰,彩妆,眼部彩妆,53.0-124.0,53.0,124.0,2021-05-18 15:22:36,卷翘|定型|持妆|纤长|防晕染|防水
641810821623,悠宜,美妆工具,化妆修饰类工具,30.0-40.0,30.0,40.0,2021-05-18 15:24:44,肿眼泡
641989788648,INTO YOU,彩妆,唇部彩妆,71.0,71.0,71.0,2021-04-28 14:38:45,持妆|防沾杯哑光|水光|水雾|水雾唇釉|秋冬|镜面
645140890029,诗裴丝,洗护,洗发护发,75.0-173.0,75.0,173.0,2021-07-23 12:39:05,清爽|蓬松免洗|头发洗护|气雾剂|高颅顶
649265625225,水卫仕,洗涤,衣物清洁护理,25.0-38.0,25.0,38.0,2021-08-12 12:17:33,抑菌|杀菌|清洁|除螨去污温和
650064277466,雕牌,洗涤,家清,19.0-58.0,19.0,58.0,2021-10-10 11:51:51,无残留
652276645657,维特丝,洗护,美发造型,31.0-93.0,31.0,93.0,2021-09-30 17:36:18,保湿|定型|蓬松气雾剂|男士专用|蓬蓬水
653935817464,INTO YOU,彩妆,唇部彩妆,77.0-233.0,77.0,233.0,2021-09-08 13:39:08,丝绒|哑光|唇颊两用|绒感|雾面
654332279314,植物主义,护肤,面部清洁,18.0-68.0,18.0,68.0,2021-09-01 15:24:07,清洁卸妆便携|准孕妇|孕妇|宝妈|植物
654433144164,半亩花田,护肤,面部清洁,40.0-55.0,40.0,55.0,2021-09-15 15:21:16,保湿|控油|清洁卸妆|深层清洁慕斯|温和
659559551172,谷雨,护肤,护肤套装,244.0-520.0,244.0,520.0,2021-11-04 22:05:02,保湿|去痘|去痘印|控油新年限定|水乳|油性皮肤|痘印|痘痘肌|菌菇类成分
667552115438,彩棠,彩妆,面部底妆,212.0-1040.0,212.0,1040.0,2022-01-17 21:06:21,遮瑕无瑕|痘印|痘痘肌|遮斑点|黑眼圈
669971352873,维多利亚的秘密,护肤,身体护理,103.0,103.0,103.0,2022-03-23 14:40:09,保湿|留香绒感|香氛
672564371204,云南白药,口腔护理,牙膏,33.0-68.0,33.0,68.0,2022-04-13 15:28:16,去异味|清洁|牙龈护理健龈|清新口气口腔香氛|囤货|家庭装
673576000045,超能,洗涤,衣物清洁护理,40.0,40.0,40.0,2022-06-14 16:22:17,低泡|天然|易过水|香氛
675129171209,佩冉,彩妆,定妆,63.0-88.0,63.0,88.0,2022-05-19 10:01:12,定妆|持妆|控油|遮瑕|防水裸色
677352003655,珂润,护肤,面部护理,162.0,162.0,162.0,2022-07-13 10:11:12,保湿|滋养|补水敏感肌
677827978225,滋源,洗护,洗发护发,90.0-180.0,90.0,180.0,2022-10-12 14:30:33,去屑|控油|清洁|蓬松刷酸|头发洗护|弱酸|微生态|无硅油|温和
680275478520,沙宣,洗护,洗发护发,56.0-81.0,56.0,81.0,2022-08-10 11:09:45,保湿|去屑|控油|清洁|蓬松|补水头发洗护
680845890199,蘭,护肤,面部护理,10.0,10.0,10.0,2022-10-26 11:26:17,保湿|修护|抗衰|滋养抗皱|紧致以油养肤|体验装|精华油|精油护肤|精粹油|纯净美妆品牌
682051935291,舒肤佳,洗护,洗浴产品,49.0-86.0,49.0,86.0,2022-09-21 13:38:15,清洁家庭装|身体清洁
682223639487,蓝月亮,洗护,手足清洁,21.0-58.0,21.0,58.0,2022-08-31 15:27:35,抑菌|滋润|留香补充装|身体清洁
682541900672,水木花草,护肤,手足护理,34.0-90.0,34.0,90.0,2022-09-21 11:04:05,保湿|嫩肤|提亮肤色|滋润|美白|补水|防裂水润|防干裂便携|香氛
694518095781,澳宝,护肤,身体护理,41.0-56.0,41.0,56.0,2022-12-14 11:33:35,保湿|滋润|补水刷酸|多合一|多效|果酸焕肤
695046180856,儒意,护肤,面部护理,70.0-203.0,70.0,203.0,2023-02-20 15:35:49,保湿|去痘|去闭口|控油|收缩毛孔刷酸|原液|痘印|痘痘肌
696498563176,舒客,口腔护理,牙膏,46.0-140.0,46.0,140.0,2023-01-05 15:58:47,去异味|美白清新口气
703939466177,悦瞳,美妆工具,化妆修饰类工具,166.0-196.0,166.0,196.0,2023-03-15 11:31:15,免胶|妈生感|磁吸假睫毛
708587040382,沫芮,洗护,洗发护发,80.0-131.0,80.0,131.0,2023-03-28 11:38:14,去屑|控油|柔顺|清洁|蓬松深层清洁头发洗护
714850327613,儒意,护肤,眼部护理,101.0-205.0,101.0,205.0,2023-04-25 15:16:20,保湿|抗衰紧致黑眼圈
723124985494,谷雨,护肤,面部清洁,160.0-402.0,160.0,402.0,2023-06-13 15:14:52,保湿|修护|去痘|控油新年限定|男士专用|痘痘肌
734688438310,DPDP,彩妆,面部底妆,71.0-119.0,71.0,119.0,2023-10-11 10:37:06,保湿|持妆|控油|滋养|遮瑕养肤|油性皮肤|空气感
736565877819,高露洁,口腔护理,牙膏,34.0-47.0,34.0,47.0,2023-12-08 16:13:12,去异味|清洁|美白清新口气含氟
738070346628,泊紫汀兰,洗护,美发造型,49.0-91.0,49.0,91.0,2023-09-26 10:36:42,染发天然|无刺激|植物|纯植物|黑茶色
740693372378,飞虎牌,洗护,婴童洗护,72.0-154.0,72.0,154.0,2023-11-10 11:06:05,清洁中大童|头发洗护|婴幼产品
742450279205,超能,洗涤,家清,8.0-57.0,8.0,57.0,2023-10-09 14:59:52,瓶装
742810960505,伊丽莎白雅顿,护肤,身体护理,112.0,112.0,112.0,2023-10-20 00:00:00,保湿|滋润|留香秋冬
743677375811,3CE,彩妆,眼部彩妆,326.0,326.0,326.0,2023-10-31 18:20:20,十二色|哑光|大地色|新手|珠光
747250667067,润本,护肤,婴童护肤,46.0-97.0,46.0,97.0,2023-11-07 13:48:02,保湿|滋润|补水婴幼产品|宝宝霜|精华棒
772173329058,诗裴丝,洗护,洗发护发,70.0-173.0,70.0,173.0,2024-03-12 17:00:01,保湿|控油|清洁|蓬松便携|免洗|头发洗护|懒人
777448170716,柏瑞美,彩妆,定妆,60.0-121.0,60.0,121.0,2024-04-02 16:04:04,保湿|定妆|持妆|控油水光|联名
777785020944,心愿先生,美妆工具,化妆修饰类工具,26.0-101.0,26.0,101.0,2024-04-17 15:59:09,免胶|狐系
786742699778,芙丽芳丝,护肤,面部清洁,118.0-237.0,118.0,237.0,2024-05-15 14:54:21,保湿|修护|去痘|控油|清洁痘痘肌
794417610771,高露洁,口腔护理,牙膏,52.0-213.0,52.0,213.0,2024-05-16 11:17:20,去异味|清洁|清洁牙齿|美白去烟渍|去牙渍|清新口气
798786561188,花知晓,彩妆,面部底妆,91.0-153.0,91.0,153.0,2024-05-24 00:00:00,提亮肤色|遮瑕
